date,time,range,height,period,wind_mph,wind_kmh,mph,temp,prob,swell_dir,swell_angle,wind,wind_dir,wind_angle
01/01,6am,1ft,1.1ft,5s,4,5,mph,26°c,100%,SSE,151,Offshore,WNW,300
01/01,12pm,1-2ft,1ft,9s,13,12,mph,29°c,100%,S,191,Onshore,SSE,157
01/01,6pm,1ft,1.2ft,5s,8,10,mph,28°c,100%,SSE,160,Cross/Onshore,ESE,112
02/01,6am,1ft,1ft,8s,1,2,mph,26°c,100%,S,190,Cross-shore,W,279
02/01,12pm,1ft,0.8ft,8s,10,11,mph,30°c,100%,S,188,Onshore,SSE,153
02/01,6pm,1ft,0.7ft,8s,9,11,mph,28°c,100%,S,187,Onshore,SE,130
03/01,6am,1ft,0.6ft,8s,4,5,mph,27°c,100%,S,186,Offshore,NNE,29
03/01,12pm,1ft,0.6ft,9s,4,6,mph,33°c,100%,SSW,200,Onshore,SSW,209
03/01,6pm,1ft,0.8ft,8s,8,9,mph,30°c,100%,SSW,194,Cross-shore,E,98
04/01,6am,1ft,0.7ft,9s,6,8,mph,28°c,100%,S,187,Cross/Offshore,WNW,289
04/01,12pm,1ft,0.6ft,9s,10,11,mph,32°c,100%,S,189,Onshore,SSW,212
04/01,6pm,1ft,0.7ft,9s,7,9,mph,29°c,100%,S,191,Cross/Onshore,E,101
05/01,6am,1ft,0.5ft,8s,6,7,mph,27°c,100%,S,189,Onshore,WSW,248
05/01,12pm,0-1ft,0.7ft,4s,8,9,mph,29°c,100%,SW,229,Onshore,S,184
05/01,6pm,2-3ft,1.7ft,12s,10,13,mph,27°c,100%,SSW,193,Onshore,SE,141
06/01,6am,3-5ft,4ft,11s,4,4,mph,26°c,100%,S,190,Offshore,N,352
06/01,12pm,3-5ft,4ft,10s,12,12,mph,30°c,100%,S,186,Onshore,SE,138
06/01,6pm,3-4ft,3.5ft,10s,13,18,mph,28°c,100%,S,185,Cross/Onshore,ESE,117
07/01,6am,2-3ft,2ft,10s,5,5,mph,26°c,100%,S,191,Offshore,NE,41
07/01,12pm,2ft,1.7ft,9s,10,11,mph,32°c,100%,SSW,194,Onshore,SE,136
07/01,6pm,2-3ft,1.7ft,11s,14,17,mph,30°c,100%,S,173,Cross/Onshore,ESE,111
08/01,6am,1-2ft,1.2ft,11s,5,6,mph,27°c,100%,S,170,Offshore,ENE,63
08/01,12pm,1-2ft,0.9ft,11s,10,11,mph,32°c,100%,SSE,167,Onshore,SE,139
08/01,6pm,1ft,0.8ft,10s,10,13,mph,30°c,100%,SSE,167,Cross/Onshore,ESE,110
09/01,6am,1ft,0.5ft,10s,11,13,mph,26°c,100%,SSE,165,Offshore,ENE,69
09/01,12pm,0-1ft,3ft,7s,10,11,mph,30°c,100%,E,92,Onshore,SE,126
09/01,6pm,1ft,0.5ft,15s,21,29,mph,29°c,100%,S,188,Cross/Offshore,E,87
10/01,6am,1-2ft,1ft,12s,9,11,mph,25°c,100%,SSW,193,Offshore,ENE,57
10/01,12pm,1-2ft,1.3ft,11s,11,13,mph,30°c,100%,SSW,194,Onshore,SE,131
10/01,6pm,1-2ft,1.4ft,10s,19,27,mph,28°c,100%,SSW,192,Cross-shore,E,96
11/01,6am,1-2ft,1.1ft,10s,6,7,mph,25°c,100%,S,187,Offshore,NE,54
11/01,12pm,1-2ft,1ft,10s,12,12,mph,30°c,100%,S,186,Onshore,SE,137
11/01,6pm,1-2ft,1.2ft,10s,14,18,mph,28°c,100%,S,180,Cross-shore,E,97
12/01,6am,1-2ft,1.1ft,10s,6,6,mph,25°c,100%,S,175,Offshore,NE,51
12/01,12pm,1-2ft,1ft,10s,11,12,mph,29°c,100%,S,173,Onshore,SE,141
12/01,6pm,1-2ft,1ft,10s,15,20,mph,28°c,100%,SSE,168,Cross-shore,E,99
13/01,6am,0-1ft,1.9ft,5s,6,6,mph,25°c,100%,E,98,Offshore,ENE,64
13/01,12pm,1ft,0.9ft,9s,13,14,mph,29°c,100%,SSE,159,Onshore,SE,132
13/01,6pm,1ft,0.9ft,11s,18,26,mph,28°c,100%,SSW,195,Cross-shore,E,96
14/01,6am,1-2ft,1.2ft,8s,7,8,mph,25°c,100%,SSW,194,Offshore,ENE,61
14/01,12pm,1ft,0.8ft,8s,13,14,mph,30°c,100%,S,186,Onshore,SE,128
14/01,6pm,1ft,1ft,8s,17,23,mph,28°c,100%,S,188,Cross/Onshore,ESE,102
15/01,6am,1ft,0.9ft,7s,5,5,mph,26°c,100%,S,178,Offshore,NE,51
15/01,12pm,1ft,1ft,7s,10,12,mph,31°c,100%,SSE,168,Onshore,SE,136
15/01,6pm,1ft,1ft,7s,14,19,mph,29°c,100%,SSE,164,Cross/Onshore,ESE,108
16/01,6am,1ft,0.9ft,7s,4,5,mph,27°c,100%,SSE,159,Offshore,NNE,14
16/01,12pm,1ft,0.7ft,10s,12,12,mph,30°c,100%,SSE,155,Onshore,SSE,156
16/01,6pm,1ft,0.9ft,7s,7,9,mph,29°c,100%,SSE,155,Cross/Onshore,ESE,108
17/01,6am,1-2ft,1.2ft,11s,2,3,mph,27°c,100%,S,189,Offshore,NNE,28
17/01,12pm,1-2ft,1.4ft,11s,11,11,mph,31°c,100%,S,189,Onshore,SSE,152
17/01,6pm,1-2ft,1.3ft,10s,10,13,mph,29°c,100%,SSW,192,Cross/Onshore,ESE,115
18/01,6am,2ft,1.4ft,11s,3,3,mph,27°c,100%,S,190,Cross/Offshore,W,281
18/01,12pm,1-2ft,1.4ft,10s,10,10,mph,30°c,100%,S,191,Onshore,S,174
18/01,6pm,1-2ft,1.3ft,10s,10,12,mph,29°c,100%,SSW,192,Cross/Onshore,ESE,109
19/01,6am,1-2ft,1.1ft,9s,2,3,mph,26°c,100%,SSW,192,Offshore,NNE,31
19/01,12pm,1-2ft,1ft,9s,11,12,mph,31°c,100%,SSW,192,Onshore,SE,129
19/01,6pm,1ft,0.9ft,9s,15,19,mph,30°c,100%,SSW,192,Cross/Onshore,ESE,109
20/01,6am,1ft,0.7ft,15s,3,3,mph,27°c,100%,SSE,150,Onshore,SSW,213
20/01,12pm,2-3ft,1.8ft,10s,13,13,mph,29°c,100%,S,185,Onshore,S,169
20/01,6pm,3-4ft,3ft,11s,8,11,mph,28°c,100%,S,184,Cross/Onshore,ESE,120
21/01,6am,3-5ft,3.5ft,11s,1,1,mph,27°c,100%,S,181,Cross/Onshore,ESE,111
21/01,12pm,3-4ft,3.5ft,10s,10,11,mph,31°c,100%,S,181,Onshore,SE,136
21/01,6pm,3-4ft,3ft,10s,12,14,mph,30°c,100%,S,181,Onshore,ESE,122
22/01,6am,2-4ft,2.5ft,11s,2,3,mph,27°c,100%,S,184,Offshore,NE,39
22/01,12pm,2-4ft,3ft,11s,12,12,mph,30°c,100%,S,183,Onshore,SSE,160
22/01,6pm,2-4ft,2.5ft,11s,6,7,mph,29°c,100%,S,184,Onshore,SSE,155
23/01,6am,2-3ft,2.5ft,10s,2,2,mph,27°c,100%,S,184,Offshore,NNE,26
23/01,12pm,2-3ft,2ft,10s,12,12,mph,29°c,100%,S,184,Onshore,SE,146
23/01,6pm,2-3ft,1.9ft,10s,10,12,mph,29°c,100%,S,184,Onshore,SE,126
24/01,6am,1-2ft,1.6ft,9s,2,2,mph,27°c,100%,S,183,Offshore,ENE,65
24/01,12pm,1-2ft,1.4ft,8s,13,13,mph,30°c,100%,S,182,Onshore,SSE,150
24/01,6pm,1-2ft,1.2ft,8s,13,18,mph,29°c,100%,S,180,Cross/Onshore,ESE,113
25/01,6am,1ft,0.7ft,7s,3,3,mph,27°c,100%,S,179,Offshore,NE,44
25/01,12pm,1ft,2.5ft,7s,13,14,mph,29°c,100%,E,98,Onshore,SE,130
25/01,6pm,1ft,0.6ft,12s,10,13,mph,29°c,100%,S,176,Cross-shore,E,98
26/01,6am,1ft,0.8ft,11s,7,9,mph,26°c,100%,S,187,Offshore,ENE,70
26/01,12pm,1-2ft,1ft,11s,10,11,mph,30°c,100%,S,188,Onshore,SSE,153
26/01,6pm,1-2ft,1.3ft,11s,17,24,mph,29°c,100%,S,189,Cross-shore,E,94
27/01,6am,2ft,1.7ft,10s,7,8,mph,25°c,100%,S,185,Offshore,ENE,70
27/01,12pm,1-2ft,1.2ft,8s,11,12,mph,30°c,100%,S,173,Onshore,SSE,146
27/01,6pm,1-2ft,1.2ft,8s,15,20,mph,30°c,100%,SSE,168,Cross/Onshore,ESE,110
28/01,6am,1ft,1ft,7s,5,5,mph,26°c,100%,SSE,154,Offshore,NE,52
28/01,12pm,1ft,1.1ft,8s,12,12,mph,30°c,100%,SSE,147,Onshore,SSE,153
28/01,6pm,1-2ft,3ft,7s,13,15,mph,30°c,100%,ESE,105,Cross/Onshore,ESE,107
29/01,6am,1ft,2.5ft,7s,3,4,mph,27°c,100%,ESE,102,Offshore,NE,47
29/01,12pm,1ft,1ft,7s,10,10,mph,32°c,100%,SE,134,Onshore,SE,146
29/01,6pm,1ft,2.5ft,7s,13,17,mph,30°c,100%,ESE,105,Cross/Onshore,ESE,112
30/01,6am,1ft,0.9ft,8s,3,4,mph,27°c,100%,SE,129,Offshore,NNE,15
30/01,12pm,1-2ft,0.9ft,13s,10,10,mph,32°c,100%,S,182,Onshore,SE,135
30/01,6pm,1-2ft,0.9ft,12s,11,13,mph,30°c,100%,S,183,Cross/Onshore,ESE,106
31/01,6am,1-2ft,0.9ft,11s,3,3,mph,27°c,100%,S,185,Offshore,NNE,15
31/01,12pm,1ft,0.9ft,10s,9,10,mph,32°c,100%,S,186,Onshore,SSE,153
31/01,6pm,1ft,0.8ft,10s,8,10,mph,29°c,100%,S,187,Cross/Onshore,ESE,117
01/02,6am,1ft,0.6ft,9s,2,2,mph,26°c,100%,S,188,Cross/Offshore,ENE,71
01/02,12pm,1ft,0.5ft,17s,11,11,mph,31°c,100%,S,180,Onshore,SE,141
01/02,6pm,1ft,0.5ft,9s,12,16,mph,29°c,100%,S,188,Cross/Onshore,ESE,115
02/02,6am,1ft,0.6ft,15s,3,3,mph,27°c,100%,S,183,Offshore,NE,42
02/02,12pm,1ft,0.5ft,12s,9,10,mph,32°c,100%,S,187,Onshore,SE,143
02/02,6pm,1ft,0.6ft,11s,14,18,mph,30°c,100%,S,188,Cross/Onshore,ESE,106
03/02,6am,1-2ft,1ft,12s,8,11,mph,27°c,100%,S,185,Onshore,WSW,248
03/02,12pm,1-2ft,1.4ft,11s,16,19,mph,29°c,100%,S,186,Onshore,SW,221
03/02,6pm,2-3ft,1.7ft,11s,10,13,mph,28°c,100%,S,188,Onshore,SW,221
04/02,6am,2-3ft,1.9ft,10s,5,7,mph,26°c,100%,S,190,Cross/Offshore,WNW,283
04/02,12pm,3-5ft,4ft,9s,13,14,mph,27°c,100%,S,191,Onshore,SSW,199
04/02,6pm,4-6ft,5ft,9s,10,12,mph,25°c,100%,S,184,Onshore,SE,135
05/02,6am,4-5ft,5.5ft,8s,9,12,mph,24°c,100%,S,170,Cross/Onshore,ESE,106
05/02,12pm,4-6ft,5ft,9s,11,13,mph,25°c,100%,S,169,Onshore,SE,128
05/02,6pm,3-5ft,5ft,9s,10,12,mph,25°c,100%,S,170,Cross/Onshore,ESE,112
06/02,6am,3-4ft,3.5ft,8s,4,4,mph,23°c,100%,S,172,Offshore,NNE,29
06/02,12pm,2-4ft,2.5ft,13s,10,11,mph,26°c,100%,S,174,Cross/Onshore,ESE,110
06/02,6pm,4-6ft,5ft,12s,15,20,mph,24°c,100%,SSE,168,Cross/Onshore,ESE,106
07/02,6am,4-6ft,4.5ft,11s,8,9,mph,24°c,100%,S,181,Onshore,SW,222
07/02,12pm,4-6ft,4.5ft,11s,11,11,mph,26°c,100%,S,181,Onshore,S,172
07/02,6pm,4-6ft,4.5ft,11s,6,7,mph,25°c,100%,S,181,Onshore,SSE,151
08/02,6am,3-5ft,3.5ft,11s,1,1,mph,23°c,100%,S,183,Offshore,NW,321
08/02,12pm,3-5ft,3.5ft,11s,12,10,mph,27°c,100%,S,182,Onshore,SSE,160
08/02,6pm,3-4ft,3ft,10s,10,11,mph,26°c,100%,S,183,Onshore,SE,131
09/02,6am,2-3ft,2.5ft,9s,2,2,mph,24°c,100%,S,181,Offshore,ENE,61
09/02,12pm,2-3ft,2.5ft,9s,12,11,mph,28°c,100%,S,179,Onshore,SE,141
09/02,6pm,2-3ft,1.9ft,9s,15,19,mph,27°c,100%,S,183,Cross/Onshore,ESE,106
10/02,6am,1-2ft,1.5ft,8s,3,3,mph,25°c,100%,S,181,Offshore,NE,55
10/02,12pm,1-2ft,1.3ft,8s,11,11,mph,29°c,100%,S,180,Onshore,SE,138
10/02,6pm,1ft,1ft,8s,16,24,mph,28°c,100%,S,182,Cross/Onshore,ESE,102
11/02,6am,1ft,0.6ft,16s,4,5,mph,26°c,100%,S,181,Offshore,NE,34
11/02,12pm,1-2ft,0.7ft,16s,2,5,mph,31°c,100%,S,181,Cross/Offshore,ENE,70
11/02,6pm,1-2ft,0.7ft,15s,13,15,mph,29°c,100%,S,182,Cross/Onshore,ESE,111
12/02,6am,1ft,0.7ft,13s,4,5,mph,27°c,100%,S,185,Offshore,NNE,19
12/02,12pm,1ft,0.6ft,12s,4,6,mph,31°c,100%,S,185,Onshore,WSW,248
12/02,6pm,1ft,0.6ft,12s,6,8,mph,28°c,100%,S,185,Onshore,S,173
13/02,6am,1-2ft,0.9ft,12s,8,12,mph,26°c,100%,S,186,Onshore,SSW,205
13/02,12pm,3-4ft,4ft,6s,10,14,mph,25°c,100%,S,182,Onshore,S,174
13/02,6pm,4-6ft,5.5ft,8s,10,12,mph,25°c,100%,S,181,Onshore,SSE,156
14/02,6am,4-6ft,5.5ft,9s,7,7,mph,22°c,100%,S,176,Offshore,N,349
14/02,12pm,4-6ft,5ft,9s,7,7,mph,26°c,100%,S,175,Onshore,SE,138
14/02,6pm,4-6ft,5ft,10s,11,12,mph,26°c,100%,S,173,Cross/Onshore,ESE,119
15/02,6am,3-5ft,4.5ft,10s,8,9,mph,24°c,100%,S,182,Cross/Offshore,ENE,73
15/02,12pm,3-5ft,4ft,10s,14,15,mph,27°c,100%,S,181,Cross/Onshore,ESE,119
15/02,6pm,3-4ft,3.5ft,10s,17,23,mph,26°c,100%,S,184,Cross-shore,E,100
16/02,6am,2-4ft,2.5ft,10s,7,8,mph,24°c,100%,S,183,Offshore,ENE,60
16/02,12pm,2-3ft,2ft,14s,8,8,mph,26°c,100%,S,175,Offshore,ENE,61
16/02,6pm,3-5ft,3ft,14s,11,13,mph,26°c,100%,S,179,Cross-shore,E,100
17/02,6am,3-4ft,3ft,13s,2,3,mph,25°c,100%,S,180,Offshore,N,7
17/02,12pm,3-4ft,2.5ft,12s,7,8,mph,29°c,100%,S,181,Onshore,SSW,209
17/02,6pm,2-3ft,2.5ft,11s,6,7,mph,27°c,100%,S,182,Onshore,SSW,210
18/02,6am,2-4ft,2ft,15s,2,3,mph,25°c,100%,S,174,Offshore,NE,51
18/02,12pm,3-4ft,3ft,14s,9,10,mph,28°c,100%,S,175,Onshore,S,169
18/02,6pm,3-5ft,3.5ft,13s,6,7,mph,27°c,100%,S,178,Cross-shore,E,100
19/02,6am,3-4ft,3ft,12s,2,3,mph,25°c,100%,S,180,Offshore,ENE,59
19/02,12pm,2-4ft,2.5ft,11s,7,8,mph,32°c,100%,S,181,Onshore,SSW,194
19/02,6pm,2-3ft,2.5ft,11s,7,9,mph,27°c,100%,S,182,Cross/Onshore,E,100
20/02,6am,2-3ft,1.9ft,16s,3,3,mph,26°c,100%,S,177,Offshore,NW,316
20/02,12pm,2-4ft,2ft,14s,10,11,mph,30°c,100%,S,178,Onshore,S,184
20/02,6pm,2-4ft,2.5ft,14s,6,7,mph,28°c,100%,S,181,Onshore,SE,135
21/02,6am,2-3ft,1.8ft,12s,1,1,mph,27°c,100%,S,182,Onshore,SSE,150
21/02,12pm,2-3ft,1.5ft,11s,7,7,mph,29°c,100%,S,185,Onshore,SSW,207
21/02,6pm,1-2ft,1.3ft,11s,9,12,mph,26°c,100%,S,186,Cross/Offshore,ENE,79
22/02,6am,1-2ft,1ft,10s,2,2,mph,25°c,100%,S,185,Offshore,NNE,31
22/02,12pm,1ft,0.9ft,9s,9,10,mph,29°c,100%,S,185,Onshore,SSE,158
22/02,6pm,1ft,0.8ft,10s,9,11,mph,28°c,100%,S,184,Cross/Onshore,ESE,120
23/02,6am,1-2ft,0.9ft,11s,3,3,mph,27°c,100%,S,181,Offshore,NE,39
23/02,12pm,1-2ft,1.3ft,11s,5,6,mph,33°c,100%,S,181,Onshore,SSE,153
23/02,6pm,1-2ft,1.4ft,10s,11,12,mph,29°c,100%,S,184,Cross/Onshore,ESE,106
24/02,6am,2-3ft,1.7ft,14s,3,4,mph,28°c,100%,S,181,Offshore,NNW,331
24/02,12pm,2-4ft,2ft,13s,5,7,mph,34°c,100%,S,184,Onshore,S,191
24/02,6pm,2-4ft,2.5ft,13s,8,9,mph,30°c,100%,S,187,Cross/Onshore,ESE,113
25/02,6am,2-3ft,2ft,11s,5,6,mph,29°c,100%,S,190,Offshore,NW,322
25/02,12pm,2-3ft,2ft,11s,10,10,mph,32°c,100%,SSW,191,Onshore,S,174
25/02,6pm,2-3ft,1.9ft,10s,10,12,mph,29°c,100%,SSW,192,Onshore,SE,141
26/02,6am,2-3ft,1.7ft,10s,4,4,mph,28°c,100%,S,191,Onshore,SW,222
26/02,12pm,2-3ft,1.7ft,10s,8,9,mph,30°c,100%,S,190,Onshore,SE,145
26/02,6pm,2-4ft,2ft,15s,8,9,mph,27°c,100%,S,185,Onshore,SE,136
27/02,6am,3-5ft,4ft,12s,2,2,mph,26°c,100%,S,190,Cross/Offshore,ENE,73
27/02,12pm,4-6ft,4ft,12s,11,11,mph,29°c,100%,S,191,Onshore,SE,145
27/02,6pm,4-6ft,4.5ft,12s,10,14,mph,27°c,100%,S,186,Cross/Onshore,ESE,117
28/02,6am,4-6ft,5ft,11s,8,11,mph,26°c,100%,S,183,Onshore,WSW,246
28/02,12pm,4-6ft,5.5ft,11s,8,9,mph,28°c,100%,S,180,Onshore,SSW,193
28/02,6pm,4-6ft,5.5ft,11s,8,10,mph,26°c,100%,S,177,Onshore,SE,126
01/03,6am,3-4ft,3ft,11s,2,3,mph,25°c,100%,S,185,Cross/Onshore,ESE,107
01/03,12pm,3-4ft,3ft,11s,3,4,mph,29°c,100%,S,186,Cross/Onshore,E,101
01/03,6pm,2-4ft,2.5ft,11s,5,6,mph,27°c,100%,S,188,Onshore,SE,124
02/03,6am,3-4ft,3ft,11s,5,6,mph,24°c,100%,S,183,Offshore,NNW,333
02/03,12pm,2-4ft,2.5ft,11s,3,5,mph,26°c,100%,S,184,Offshore,NW,307
02/03,6pm,2-3ft,2.5ft,11s,10,13,mph,27°c,100%,S,185,Cross/Offshore,E,83
03/03,6am,2-3ft,2ft,13s,2,2,mph,25°c,100%,S,180,Cross-shore,W,276
03/03,12pm,3-5ft,3ft,12s,10,10,mph,29°c,100%,S,184,Onshore,S,178
03/03,6pm,3-5ft,3ft,12s,10,13,mph,26°c,100%,S,185,Onshore,SSW,192
04/03,6am,2-4ft,2.5ft,11s,3,3,mph,24°c,100%,S,187,Offshore,NE,55
04/03,12pm,3-4ft,2.5ft,13s,7,6,mph,28°c,100%,S,184,Onshore,S,182
04/03,6pm,3-4ft,2.5ft,13s,9,13,mph,27°c,100%,S,184,Cross/Offshore,E,89
05/03,6am,3-5ft,3.5ft,12s,5,5,mph,25°c,100%,S,188,Offshore,ENE,60
05/03,12pm,3-4ft,3ft,11s,8,8,mph,29°c,100%,S,188,Onshore,SE,137
05/03,6pm,3-4ft,3ft,11s,12,18,mph,28°c,100%,S,187,Cross-shore,E,96
06/03,6am,2-3ft,2.5ft,11s,5,6,mph,26°c,100%,S,186,Offshore,ENE,68
06/03,12pm,2-4ft,2.5ft,11s,9,10,mph,30°c,100%,S,178,Onshore,SE,125
06/03,6pm,2-3ft,2ft,11s,19,27,mph,29°c,100%,S,178,Cross/Offshore,E,83
07/03,6am,2-4ft,2.5ft,11s,7,7,mph,26°c,100%,SSE,167,Offshore,NE,55
07/03,12pm,2-3ft,2.5ft,11s,8,9,mph,31°c,100%,SSE,164,Onshore,ESE,123
07/03,6pm,2-3ft,2.5ft,11s,17,25,mph,29°c,100%,SSE,161,Cross-shore,E,95
08/03,6am,2ft,1.7ft,10s,3,4,mph,26°c,100%,SSE,160,Offshore,NNE,31
08/03,12pm,1-2ft,1.5ft,10s,9,9,mph,31°c,100%,SSE,158,Onshore,SE,132
08/03,6pm,2-3ft,1.9ft,11s,12,17,mph,29°c,100%,SSE,152,Cross-shore,E,95
09/03,6am,1-2ft,1.6ft,10s,4,5,mph,27°c,100%,SSE,150,Offshore,NNE,30
09/03,12pm,1-2ft,1.6ft,9s,8,8,mph,31°c,100%,SSE,146,Onshore,SE,140
09/03,6pm,1-2ft,1.9ft,9s,11,14,mph,29°c,100%,SE,138,Cross/Onshore,ESE,111
10/03,6am,1-2ft,3ft,9s,4,7,mph,27°c,100%,ESE,120,Cross/Offshore,WNW,292
10/03,12pm,1-2ft,2.5ft,9s,14,17,mph,29°c,100%,ESE,119,Onshore,SW,225
10/03,6pm,1-2ft,2.5ft,9s,12,17,mph,28°c,100%,ESE,118,Onshore,WSW,243
11/03,6am,3-5ft,4ft,10s,15,18,mph,26°c,100%,SSW,200,Cross-shore,W,275
11/03,12pm,4-7ft,6ft,10s,13,15,mph,28°c,100%,SSW,192,Onshore,SW,235
11/03,6pm,4-7ft,6ft,10s,9,10,mph,27°c,100%,S,181,Onshore,SW,215
12/03,6am,4-6ft,5ft,9s,6,8,mph,25°c,100%,S,172,Cross/Onshore,W,263
12/03,12pm,3-5ft,5ft,9s,9,8,mph,28°c,100%,SSE,167,Onshore,S,183
12/03,6pm,3-5ft,4.5ft,9s,10,13,mph,27°c,100%,SSE,160,Cross/Onshore,ESE,111
13/03,6am,2-4ft,2.5ft,11s,1,2,mph,26°c,100%,S,181,Offshore,NE,35
13/03,12pm,2-3ft,2.5ft,11s,7,9,mph,32°c,100%,S,183,Onshore,SE,132
13/03,6pm,3-4ft,3ft,12s,11,14,mph,29°c,100%,S,182,Cross/Onshore,ESE,115
14/03,6am,2-3ft,2.5ft,11s,4,5,mph,28°c,100%,S,183,Offshore,NW,325
14/03,12pm,2-3ft,2ft,10s,9,10,mph,31°c,100%,S,184,Onshore,SSW,209
14/03,6pm,2-3ft,1.8ft,10s,7,8,mph,29°c,100%,S,184,Onshore,SSW,192
15/03,6am,1-2ft,1.4ft,9s,4,4,mph,27°c,100%,S,186,Cross/Offshore,WNW,291
15/03,12pm,1-2ft,1.3ft,9s,11,12,mph,29°c,100%,S,187,Onshore,SSW,199
15/03,6pm,1-2ft,1.2ft,14s,5,5,mph,28°c,100%,S,180,Onshore,SSE,155
16/03,6am,2-3ft,1.5ft,12s,1,2,mph,26°c,100%,S,181,Offshore,WNW,301
16/03,12pm,2-3ft,1.9ft,12s,10,9,mph,29°c,100%,S,182,Onshore,SSE,162
16/03,6pm,3-4ft,3ft,11s,10,14,mph,27°c,100%,S,177,Cross/Onshore,ESE,117
17/03,6am,4-6ft,5ft,10s,4,5,mph,25°c,100%,SSE,165,Offshore,ENE,58
17/03,12pm,4-6ft,5ft,10s,12,11,mph,29°c,100%,SSE,159,Onshore,SE,134
17/03,6pm,4-6ft,5.5ft,10s,12,18,mph,27°c,100%,SSE,149,Cross/Onshore,ESE,103
18/03,6am,3-5ft,5.5ft,10s,6,7,mph,26°c,100%,SE,142,Offshore,ENE,62
18/03,12pm,3-5ft,5.5ft,10s,9,9,mph,30°c,100%,SE,140,Onshore,SE,144
18/03,6pm,3-5ft,5.5ft,10s,7,8,mph,29°c,100%,SE,138,Cross/Onshore,ESE,104
19/03,6am,3-5ft,5.5ft,10s,3,4,mph,27°c,100%,SE,135,Offshore,NNW,336
19/03,12pm,3-5ft,5ft,10s,6,8,mph,31°c,100%,SE,133,Onshore,SSW,198
19/03,6pm,3-5ft,5ft,10s,5,6,mph,29°c,100%,SE,133,Onshore,SSW,193
20/03,6am,3-4ft,4.5ft,10s,11,14,mph,27°c,100%,SE,133,Cross/Onshore,W,264
20/03,12pm,3-4ft,4.5ft,10s,14,16,mph,28°c,100%,SE,135,Onshore,SSW,213
20/03,6pm,3-4ft,4.5ft,10s,11,13,mph,27°c,100%,SE,136,Onshore,SW,214
21/03,6am,2-3ft,3.5ft,10s,4,6,mph,25°c,100%,ESE,124,Onshore,SSW,202
21/03,12pm,2-4ft,3.5ft,7s,8,11,mph,26°c,100%,S,190,Onshore,S,183
21/03,6pm,3-5ft,4ft,9s,8,11,mph,24°c,100%,S,190,Onshore,S,188
22/03,6am,4-6ft,5.5ft,9s,7,11,mph,24°c,100%,S,185,Cross/Onshore,ESE,101
22/03,12pm,3-5ft,5ft,9s,13,15,mph,25°c,100%,S,184,Onshore,ESE,122
22/03,6pm,3-5ft,4ft,9s,11,14,mph,25°c,100%,S,184,Cross/Onshore,ESE,106
23/03,6am,3-5ft,3.5ft,12s,5,5,mph,23°c,100%,S,189,Offshore,NNW,343
23/03,12pm,3-5ft,3.5ft,11s,9,10,mph,27°c,100%,S,189,Onshore,ESE,123
23/03,6pm,3-4ft,3ft,11s,16,20,mph,26°c,100%,S,189,Cross-shore,E,94
24/03,6am,2-3ft,2.5ft,10s,4,5,mph,24°c,100%,SSW,192,Offshore,NE,47
24/03,12pm,2-3ft,3.5ft,10s,7,5,mph,28°c,100%,ESE,123,Onshore,SSE,153
24/03,6pm,2-3ft,1.9ft,10s,12,14,mph,27°c,100%,SSW,193,Cross/Onshore,ESE,105
25/03,6am,2ft,3ft,9s,6,7,mph,24°c,100%,ESE,121,Offshore,NE,56
25/03,12pm,2-3ft,1.8ft,12s,8,8,mph,28°c,100%,S,177,Onshore,SE,129
25/03,6pm,2-3ft,1.7ft,12s,12,16,mph,27°c,100%,S,178,Cross/Onshore,E,101
26/03,6am,2-3ft,1.7ft,11s,4,4,mph,24°c,100%,S,184,Offshore,NE,51
26/03,12pm,1-2ft,2.5ft,8s,6,5,mph,29°c,100%,ESE,120,Onshore,SE,134
26/03,6pm,1-2ft,2.5ft,9s,12,15,mph,27°c,100%,ESE,121,Onshore,ESE,122
27/03,6am,2-4ft,2.5ft,10s,5,5,mph,23°c,100%,SSW,198,Offshore,N,0
27/03,12pm,3-4ft,2.5ft,13s,7,9,mph,28°c,100%,S,189,Onshore,ESE,122
27/03,6pm,3-5ft,3.5ft,12s,12,16,mph,26°c,100%,S,187,Cross/Onshore,ESE,120
28/03,6am,3-5ft,4ft,11s,7,9,mph,24°c,100%,S,181,Offshore,NE,55
28/03,12pm,3-5ft,4ft,11s,12,12,mph,27°c,100%,S,177,Cross/Onshore,ESE,117
28/03,6pm,3-5ft,4ft,11s,13,16,mph,25°c,100%,S,174,Cross/Onshore,ESE,109
29/03,6am,4-6ft,5.5ft,10s,13,17,mph,24°c,100%,SSE,160,Cross-shore,E,93
29/03,12pm,4-6ft,5.5ft,9s,11,12,mph,26°c,100%,SSE,159,Onshore,SE,125
29/03,6pm,4-6ft,5ft,9s,11,13,mph,25°c,100%,SSE,158,Onshore,SE,128
30/03,6am,3-5ft,5ft,9s,3,4,mph,22°c,100%,SE,144,Offshore,NNW,330
30/03,12pm,3-5ft,5ft,9s,8,7,mph,26°c,100%,SE,142,Onshore,SSE,150
30/03,6pm,3-5ft,5ft,9s,11,14,mph,25°c,100%,SE,144,Cross/Onshore,ESE,104
31/03,6am,3-4ft,3ft,10s,4,4,mph,22°c,100%,SSE,161,Offshore,NNE,23
31/03,12pm,2-4ft,3ft,9s,9,7,mph,26°c,100%,SSE,160,Onshore,SE,139
31/03,6pm,2-4ft,3ft,10s,11,12,mph,25°c,100%,SSE,158,Onshore,SE,129
01/04,6am,2-3ft,3ft,8s,2,3,mph,23°c,100%,SE,133,Offshore,ENE,57
01/04,12pm,2-3ft,3ft,8s,9,7,mph,26°c,100%,SE,131,Onshore,SSE,153
01/04,6pm,2-3ft,2.5ft,8s,6,7,mph,25°c,100%,SE,130,Onshore,SSE,148
02/04,6am,2-3ft,3ft,9s,6,7,mph,23°c,100%,SE,128,Offshore,NNW,331
02/04,12pm,2-3ft,3ft,10s,6,5,mph,27°c,100%,SE,129,Onshore,SSE,159
02/04,6pm,2-3ft,3ft,10s,10,12,mph,25°c,100%,SE,131,Cross/Onshore,ESE,112
03/04,6am,2-3ft,3ft,10s,5,5,mph,23°c,100%,SE,126,Offshore,ENE,57
03/04,12pm,2-3ft,3ft,10s,9,8,mph,28°c,100%,SE,125,Onshore,SE,138
03/04,6pm,2ft,2.5ft,10s,12,16,mph,26°c,100%,ESE,124,Cross-shore,E,99
04/04,6am,1-2ft,2.5ft,9s,4,4,mph,24°c,100%,ESE,120,Offshore,ENE,57
04/04,12pm,1-2ft,2.5ft,9s,9,9,mph,29°c,100%,ESE,121,Onshore,SE,130
04/04,6pm,1-2ft,2.5ft,9s,14,21,mph,27°c,100%,ESE,122,Cross-shore,E,90
05/04,6am,1-2ft,3ft,8s,6,6,mph,25°c,100%,ESE,113,Offshore,NE,46
05/04,12pm,1-2ft,3ft,8s,6,8,mph,31°c,100%,ESE,113,Cross/Onshore,ESE,107
05/04,6pm,1-2ft,2.5ft,8s,10,12,mph,29°c,100%,ESE,113,Cross/Onshore,ESE,105
06/04,6am,1ft,1.5ft,8s,2,3,mph,27°c,100%,ESE,122,Offshore,NNW,337
06/04,12pm,2-3ft,1.5ft,11s,10,11,mph,30°c,100%,S,189,Onshore,SSW,198
06/04,6pm,2-3ft,1.7ft,11s,3,4,mph,28°c,100%,S,191,Onshore,SSW,199
07/04,6am,2-3ft,1.8ft,10s,1,1,mph,26°c,100%,SSW,201,Onshore,SE,130
07/04,12pm,2-3ft,2.5ft,10s,9,9,mph,30°c,100%,SSW,203,Onshore,SE,142
07/04,6pm,2-4ft,3ft,10s,11,15,mph,28°c,100%,SSW,198,Cross/Onshore,ESE,103
08/04,6am,3-4ft,3ft,10s,5,5,mph,27°c,100%,S,189,Offshore,NNW,348
08/04,12pm,2-4ft,3ft,9s,7,9,mph,31°c,100%,S,187,Onshore,WSW,243
08/04,6pm,2-4ft,3ft,9s,13,16,mph,27°c,100%,S,190,Onshore,SW,215
09/04,6am,3-5ft,4.5ft,9s,7,8,mph,25°c,100%,SSW,192,Onshore,SW,219
09/04,12pm,4-6ft,5ft,9s,10,13,mph,25°c,100%,S,189,Onshore,SW,216
09/04,6pm,4-6ft,5.5ft,9s,9,13,mph,25°c,100%,S,184,Onshore,SSW,197
10/04,6am,4-7ft,4ft,18s,7,9,mph,24°c,100%,S,177,Cross/Offshore,WNW,284
10/04,12pm,5-7ft,4.5ft,17s,9,9,mph,26°c,100%,S,178,Onshore,SW,216
10/04,6pm,4-7ft,4.5ft,16s,5,6,mph,25°c,100%,S,179,Onshore,SE,125
11/04,6am,4-6ft,4ft,14s,6,7,mph,23°c,100%,S,181,Cross/Offshore,WNW,299
11/04,12pm,3-5ft,3.5ft,13s,7,5,mph,26°c,100%,S,181,Onshore,SSW,194
11/04,6pm,3-5ft,3.5ft,13s,6,7,mph,25°c,100%,S,181,Onshore,SSE,147
12/04,6am,3-5ft,4.5ft,10s,4,4,mph,23°c,100%,SE,144,Offshore,NNE,13
12/04,12pm,3-4ft,4.5ft,10s,8,8,mph,27°c,100%,SE,142,Onshore,SE,137
12/04,6pm,3-4ft,4.5ft,10s,14,18,mph,26°c,100%,SE,139,Cross/Onshore,ESE,103
13/04,6am,2-4ft,3.5ft,9s,7,9,mph,24°c,100%,SE,135,Offshore,ENE,68
13/04,12pm,2-3ft,3.5ft,9s,10,12,mph,28°c,100%,SE,134,Cross/Onshore,ESE,115
13/04,6pm,2-3ft,2.5ft,9s,18,23,mph,27°c,100%,SE,134,Cross-shore,E,92
14/04,6am,1-2ft,2.5ft,9s,9,10,mph,25°c,100%,SE,130,Cross/Offshore,ENE,73
14/04,12pm,2-3ft,1.8ft,13s,4,4,mph,27°c,100%,SSE,162,Onshore,SSE,151
14/04,6pm,2-3ft,1.9ft,13s,12,15,mph,25°c,100%,SSE,162,Cross/Offshore,ENE,78
15/04,6am,2-3ft,2ft,12s,11,14,mph,24°c,100%,SSE,159,Cross/Offshore,ENE,71
15/04,12pm,2-3ft,1.9ft,12s,6,6,mph,28°c,100%,SSE,159,Onshore,ESE,123
15/04,6pm,2-3ft,1.8ft,12s,17,22,mph,26°c,100%,SSE,160,Cross-shore,E,97
16/04,6am,2-3ft,1.9ft,12s,9,12,mph,24°c,100%,SSE,168,Cross/Offshore,ENE,72
16/04,12pm,1-2ft,1.5ft,11s,10,12,mph,28°c,100%,SSE,159,Cross/Onshore,ESE,106
16/04,6pm,1-2ft,3.5ft,8s,19,26,mph,26°c,100%,ESE,110,Cross/Offshore,E,86
17/04,6am,1-2ft,3.5ft,7s,1,2,mph,25°c,100%,ESE,105,Offshore,NW,318
17/04,12pm,1ft,2.5ft,7s,14,16,mph,27°c,100%,ESE,105,Onshore,SW,220
17/04,6pm,1ft,1.5ft,4s,9,12,mph,26°c,100%,SW,218,Onshore,SSW,211
18/04,6am,2-4ft,2.5ft,11s,10,13,mph,24°c,100%,SSW,210,Cross/Onshore,W,261
18/04,12pm,3-5ft,5ft,9s,17,21,mph,27°c,100%,SSW,209,Onshore,WSW,243
18/04,6pm,4-6ft,5.5ft,9s,16,21,mph,26°c,100%,SSW,207,Onshore,WSW,241
19/04,6am,3-4ft,4ft,8s,9,13,mph,24°c,100%,SSW,205,Cross/Offshore,W,281
19/04,12pm,2-4ft,3ft,7s,11,13,mph,27°c,100%,SSW,202,Onshore,SW,232
19/04,6pm,2-3ft,2.5ft,7s,10,12,mph,26°c,100%,SSW,197,Onshore,SSW,209
20/04,6am,2ft,2.5ft,8s,1,1,mph,23°c,100%,SE,137,Offshore,NE,54
20/04,12pm,1-2ft,2.5ft,8s,8,7,mph,27°c,100%,SE,134,Onshore,SSE,155
20/04,6pm,1-2ft,2.5ft,8s,6,6,mph,26°c,100%,SE,133,Onshore,ESE,124
21/04,6am,1-2ft,2ft,9s,3,3,mph,24°c,100%,SE,131,Offshore,NNW,333
21/04,12pm,1-2ft,1ft,16s,4,4,mph,30°c,100%,S,180,Onshore,S,191
21/04,6pm,2-3ft,1.9ft,14s,9,11,mph,26°c,100%,S,182,Cross/Onshore,ESE,112
22/04,6am,3-4ft,3ft,13s,4,4,mph,25°c,100%,S,186,Offshore,NE,43
22/04,12pm,3-4ft,3ft,12s,8,8,mph,29°c,100%,S,187,Onshore,SSE,156
22/04,6pm,3-5ft,3ft,12s,8,9,mph,27°c,100%,S,188,Cross/Onshore,ESE,117
23/04,6am,3-4ft,3ft,11s,6,7,mph,25°c,100%,S,189,Cross/Onshore,WSW,257
23/04,12pm,3-4ft,3ft,11s,9,9,mph,28°c,100%,S,188,Onshore,S,185
23/04,6pm,4-6ft,4ft,13s,6,7,mph,26°c,100%,S,184,Cross/Onshore,ESE,116
24/04,6am,4-6ft,4.5ft,12s,6,7,mph,24°c,100%,S,182,Offshore,ENE,68
24/04,12pm,4-6ft,4ft,12s,7,6,mph,28°c,100%,S,183,Onshore,SE,138
24/04,6pm,3-5ft,4ft,11s,15,19,mph,26°c,100%,S,182,Cross-shore,E,98
25/04,6am,3-5ft,4ft,11s,5,6,mph,25°c,100%,S,173,Offshore,ENE,65
25/04,12pm,3-5ft,3.5ft,11s,7,7,mph,28°c,100%,S,175,Onshore,SE,134
25/04,6pm,3-4ft,3.5ft,10s,14,18,mph,27°c,100%,S,183,Cross-shore,E,98
26/04,6am,3-4ft,3ft,12s,9,10,mph,24°c,100%,S,182,Cross/Offshore,ENE,75
26/04,12pm,3-4ft,3ft,11s,9,9,mph,28°c,100%,S,182,Cross/Onshore,ESE,111
26/04,6pm,3-4ft,3ft,11s,15,20,mph,26°c,100%,S,181,Cross-shore,E,90
27/04,6am,3-4ft,3ft,12s,3,3,mph,24°c,100%,S,180,Offshore,NNE,23
27/04,12pm,3-4ft,3ft,11s,8,9,mph,29°c,100%,S,178,Onshore,ESE,121
27/04,6pm,3-4ft,3ft,11s,13,18,mph,28°c,100%,S,175,Cross/Onshore,ESE,107
28/04,6am,2-3ft,2.5ft,10s,7,11,mph,26°c,100%,S,180,Offshore,N,0
28/04,12pm,2-3ft,2ft,10s,5,6,mph,31°c,100%,S,179,Cross/Offshore,WNW,296
28/04,6pm,2-3ft,1.9ft,10s,10,11,mph,28°c,100%,S,176,Cross/Onshore,ESE,106
29/04,6am,1-2ft,1.6ft,9s,5,6,mph,25°c,100%,S,171,Cross-shore,W,277
29/04,12pm,1-2ft,1.5ft,9s,16,18,mph,26°c,100%,S,169,Onshore,SW,223
29/04,6pm,1-2ft,2ft,5s,11,13,mph,25°c,100%,SSW,205,Onshore,SW,218
30/04,6am,3-4ft,3.5ft,9s,5,6,mph,23°c,100%,S,191,Offshore,NW,319
30/04,12pm,3-4ft,3.5ft,9s,7,5,mph,26°c,100%,S,190,Onshore,SE,143
30/04,6pm,3-4ft,3.5ft,9s,15,19,mph,25°c,100%,S,179,Cross-shore,E,99
01/05,6am,3-4ft,3.5ft,9s,8,9,mph,24°c,100%,SSE,167,Offshore,ENE,62
01/05,12pm,3-4ft,3.5ft,9s,7,7,mph,27°c,100%,SSE,168,Onshore,SE,125
01/05,6pm,2-4ft,3ft,9s,14,18,mph,26°c,100%,S,171,Cross-shore,E,95
02/05,6am,2-3ft,2.5ft,9s,2,2,mph,24°c,100%,SSE,165,Offshore,NNW,344
02/05,12pm,3-4ft,2.5ft,14s,7,7,mph,28°c,100%,S,188,Onshore,S,179
02/05,6pm,3-5ft,3.5ft,13s,8,10,mph,26°c,100%,S,190,Cross/Onshore,ESE,115
03/05,6am,3-5ft,3.5ft,12s,2,2,mph,25°c,100%,SSW,194,Offshore,NNE,15
03/05,12pm,3-4ft,3ft,11s,7,7,mph,28°c,100%,SSW,195,Onshore,SE,142
03/05,6pm,3-4ft,3ft,11s,11,16,mph,27°c,100%,SSW,195,Cross-shore,E,95
04/05,6am,2-3ft,2.5ft,11s,5,5,mph,25°c,100%,SSW,194,Offshore,ENE,67
04/05,12pm,2-3ft,2ft,11s,7,7,mph,28°c,100%,SSW,193,Onshore,SSE,149
04/05,6pm,2-3ft,1.8ft,11s,13,18,mph,27°c,100%,SSW,193,Cross-shore,E,93
05/05,6am,1-2ft,1.3ft,10s,8,9,mph,24°c,100%,SSW,192,Offshore,ENE,69
05/05,12pm,3-5ft,2.5ft,17s,8,10,mph,28°c,100%,S,181,Cross/Onshore,ESE,110
05/05,6pm,4-6ft,3.5ft,15s,18,23,mph,26°c,100%,S,183,Cross-shore,E,92
06/05,6am,4-6ft,4ft,14s,7,7,mph,24°c,100%,S,186,Offshore,ENE,66
06/05,12pm,4-6ft,3.5ft,14s,3,5,mph,29°c,100%,S,187,Onshore,SE,136
06/05,6pm,3-5ft,3.5ft,14s,8,8,mph,27°c,100%,S,186,Cross/Onshore,ESE,109
07/05,6am,3-5ft,3ft,13s,8,11,mph,26°c,100%,S,187,Cross/Offshore,WNW,282
07/05,12pm,3-4ft,3ft,13s,14,17,mph,28°c,100%,S,187,Onshore,WSW,237
07/05,6pm,3-4ft,2.5ft,12s,12,14,mph,26°c,100%,S,186,Onshore,SSW,204
08/05,6am,3-4ft,4ft,7s,9,11,mph,24°c,100%,S,179,Onshore,SSE,162
08/05,12pm,3-4ft,3.5ft,7s,6,7,mph,25°c,100%,S,177,Onshore,S,183
08/05,6pm,4-6ft,5ft,9s,5,6,mph,24°c,100%,S,178,Onshore,SSE,160
09/05,6am,5-8ft,6.5ft,11s,5,6,mph,21°c,100%,S,174,Offshore,N,359
09/05,12pm,5-8ft,6.5ft,14s,9,9,mph,25°c,100%,S,173,Cross/Onshore,ESE,109
09/05,6pm,5-8ft,6.5ft,13s,17,20,mph,24°c,100%,SSE,168,Cross-shore,E,95
10/05,6am,4-6ft,5ft,11s,10,12,mph,23°c,100%,SSE,167,Cross/Offshore,ENE,72
10/05,12pm,4-6ft,4.5ft,11s,8,9,mph,27°c,100%,SSE,165,Cross/Onshore,ESE,107
10/05,6pm,3-5ft,4ft,10s,16,20,mph,26°c,100%,S,171,Cross/Offshore,E,87
11/05,6am,2-4ft,3ft,10s,6,6,mph,24°c,100%,SSE,168,Offshore,ENE,67
11/05,12pm,2-3ft,2.5ft,9s,6,7,mph,28°c,100%,SSE,165,Cross/Onshore,ESE,115
11/05,6pm,2-4ft,3ft,11s,10,13,mph,27°c,100%,SSE,157,Cross/Onshore,ESE,106
12/05,6am,2-3ft,2.5ft,10s,2,2,mph,25°c,100%,SSE,153,Offshore,NNE,31
12/05,12pm,2-3ft,2ft,10s,5,5,mph,30°c,100%,SSE,152,Onshore,SSE,155
12/05,6pm,1-2ft,1.7ft,10s,7,9,mph,27°c,100%,SSE,151,Onshore,ESE,123
13/05,6am,1-2ft,1.2ft,9s,7,10,mph,25°c,100%,SSE,151,Cross-shore,W,277
13/05,12pm,1-2ft,1.1ft,9s,9,10,mph,28°c,100%,SSE,150,Onshore,SW,223
13/05,6pm,1ft,0.9ft,9s,7,7,mph,26°c,100%,SSE,150,Onshore,SSE,158
14/05,6am,1-2ft,1.7ft,8s,3,4,mph,24°c,100%,SSW,201,Offshore,N,11
14/05,12pm,1-2ft,1.8ft,6s,8,7,mph,27°c,100%,S,186,Onshore,SE,125
14/05,6pm,2-3ft,2.5ft,9s,14,17,mph,25°c,100%,SSE,166,Cross/Onshore,ESE,103
15/05,6am,1-2ft,1.4ft,8s,12,15,mph,24°c,100%,SSW,195,Cross/Onshore,WSW,257
15/05,12pm,1-2ft,1.5ft,8s,12,13,mph,25°c,100%,SSW,203,Onshore,SW,232
15/05,6pm,1-2ft,3ft,6s,10,12,mph,24°c,100%,SE,127,Cross/Offshore,E,89
16/05,6am,1-2ft,1.6ft,7s,6,6,mph,22°c,100%,SSW,192,Offshore,NNW,327
16/05,12pm,2-3ft,2.5ft,7s,6,7,mph,24°c,100%,S,185,Cross/Onshore,ESE,113
16/05,6pm,3-4ft,3.5ft,9s,12,15,mph,23°c,100%,S,175,Cross/Onshore,ESE,112
17/05,6am,4-6ft,6.5ft,9s,13,19,mph,23°c,100%,SSE,150,Cross/Offshore,ENE,73
17/05,12pm,4-6ft,7ft,9s,16,22,mph,24°c,100%,SE,141,Cross/Offshore,E,81
17/05,6pm,3-5ft,7ft,9s,20,27,mph,23°c,100%,SE,132,Cross/Offshore,E,82
18/05,6am,3-4ft,7ft,8s,19,26,mph,23°c,100%,ESE,121,Cross/Offshore,E,79
18/05,12pm,3-4ft,7ft,8s,22,29,mph,25°c,100%,ESE,116,Cross/Offshore,E,80
18/05,6pm,3-4ft,7ft,9s,21,28,mph,24°c,100%,ESE,114,Cross/Offshore,E,83
19/05,6am,3-4ft,5.5ft,9s,3,3,mph,22°c,100%,ESE,119,Offshore,N,3
19/05,12pm,3-4ft,6.5ft,10s,11,15,mph,26°c,100%,ESE,118,Cross/Offshore,E,86
19/05,6pm,3-5ft,7ft,10s,19,23,mph,24°c,100%,ESE,116,Cross/Offshore,E,89
20/05,6am,3-5ft,6.5ft,11s,3,3,mph,22°c,100%,ESE,118,Offshore,NNW,328
20/05,12pm,3-4ft,5.5ft,10s,6,5,mph,26°c,100%,ESE,118,Onshore,S,186
20/05,6pm,2-4ft,5ft,10s,6,8,mph,24°c,100%,ESE,117,Onshore,SW,216
21/05,6am,2-3ft,4.5ft,10s,2,3,mph,22°c,100%,ESE,116,Offshore,NNW,327
21/05,12pm,2-3ft,4ft,10s,7,5,mph,26°c,100%,ESE,116,Onshore,SSE,154
21/05,6pm,2-3ft,4ft,10s,10,13,mph,24°c,100%,ESE,116,Cross/Onshore,ESE,111
22/05,6am,2ft,3ft,9s,2,3,mph,22°c,100%,ESE,113,Offshore,N,357
22/05,12pm,1-2ft,3ft,9s,6,5,mph,27°c,100%,ESE,113,Onshore,SSW,193
22/05,6pm,1-2ft,3ft,9s,7,7,mph,25°c,100%,ESE,113,Onshore,SE,137
23/05,6am,1-2ft,2.5ft,9s,3,3,mph,22°c,100%,ESE,109,Offshore,NNE,32
23/05,12pm,1-2ft,2ft,9s,6,5,mph,27°c,100%,ESE,108,Onshore,SE,138
23/05,6pm,1-2ft,0.9ft,15s,10,13,mph,25°c,100%,S,179,Cross/Onshore,ESE,105
24/05,6am,2-4ft,2.5ft,13s,4,5,mph,24°c,100%,S,182,Cross-shore,W,278
24/05,12pm,3-4ft,3ft,12s,6,6,mph,27°c,100%,S,183,Onshore,S,170
24/05,6pm,3-4ft,3ft,12s,11,14,mph,24°c,100%,S,185,Cross/Onshore,ESE,102
25/05,6am,3-4ft,3ft,11s,15,17,mph,25°c,100%,S,185,Onshore,SW,224
25/05,12pm,3-5ft,5ft,7s,20,23,mph,24°c,100%,SSW,211,Onshore,SW,230
25/05,6pm,4-6ft,6.5ft,8s,22,27,mph,24°c,100%,SW,217,Onshore,WSW,240
26/05,6am,4-7ft,6ft,11s,15,19,mph,23°c,100%,SSW,204,Cross-shore,W,276
26/05,12pm,4-6ft,5ft,10s,11,13,mph,24°c,100%,SSW,197,Onshore,WSW,249
26/05,6pm,3-5ft,4.5ft,10s,6,7,mph,24°c,100%,SSW,193,Onshore,SW,217
27/05,6am,3-5ft,3.5ft,12s,3,3,mph,21°c,100%,S,178,Offshore,NNE,34
27/05,12pm,3-4ft,3ft,12s,8,9,mph,25°c,100%,S,177,Onshore,ESE,121
27/05,6pm,3-5ft,3.5ft,11s,14,18,mph,24°c,100%,S,172,Cross-shore,E,93
28/05,6am,2-4ft,2.5ft,10s,5,6,mph,22°c,100%,S,175,Offshore,NE,37
28/05,12pm,2-3ft,2ft,10s,3,5,mph,28°c,100%,S,174,Cross/Offshore,E,83
28/05,6pm,2-3ft,1.9ft,10s,8,8,mph,26°c,100%,S,172,Onshore,SE,136
29/05,6am,2-3ft,1.7ft,12s,4,4,mph,24°c,100%,S,170,Cross-shore,W,276
29/05,12pm,1-2ft,1.1ft,11s,1,2,mph,27°c,100%,SSE,166,Onshore,SSW,192
29/05,6pm,1-2ft,0.9ft,11s,8,10,mph,25°c,100%,SSE,168,Onshore,SSW,196
30/05,6am,1ft,0.9ft,10s,0,1,mph,23°c,100%,S,188,Offshore,NW,324
30/05,12pm,1-2ft,1ft,9s,10,12,mph,26°c,100%,S,189,Cross/Onshore,ESE,119
30/05,6pm,1-2ft,1.1ft,9s,14,20,mph,25°c,100%,S,189,Cross-shore,E,91
31/05,6am,1-2ft,1.3ft,9s,6,9,mph,24°c,100%,S,191,Offshore,N,8
31/05,12pm,1-2ft,1.3ft,11s,5,7,mph,29°c,100%,S,175,Offshore,NW,318
31/05,6pm,2-4ft,2.5ft,11s,9,11,mph,25°c,100%,S,180,Cross/Onshore,ESE,105
01/06,6am,2-4ft,3ft,10s,5,6,mph,25°c,100%,S,184,Offshore,NW,323
01/06,12pm,2-4ft,2.5ft,9s,11,13,mph,26°c,100%,S,191,Onshore,SW,223
01/06,6pm,3-5ft,3.5ft,11s,7,9,mph,24°c,100%,S,187,Onshore,S,185
02/06,6am,3-5ft,3.5ft,10s,3,3,mph,23°c,100%,S,182,Cross/Offshore,E,86
02/06,12pm,4-6ft,4ft,12s,7,8,mph,26°c,100%,S,178,Onshore,SW,231
02/06,6pm,4-6ft,5ft,12s,11,13,mph,24°c,100%,S,174,Onshore,SE,124
03/06,6am,3-5ft,4ft,11s,4,5,mph,22°c,100%,S,181,Offshore,NE,43
03/06,12pm,3-4ft,3ft,11s,1,3,mph,27°c,100%,S,183,Onshore,SSE,161
03/06,6pm,3-4ft,3ft,11s,17,20,mph,23°c,100%,S,183,Onshore,SSW,206
04/06,6am,3-5ft,5.5ft,8s,23,30,mph,23°c,100%,SE,145,Cross/Onshore,WSW,255
04/06,12pm,2-4ft,4.5ft,6s,21,26,mph,23°c,100%,SW,218,Onshore,SW,236
04/06,6pm,4-6ft,6ft,7s,22,26,mph,23°c,100%,SSW,203,Onshore,SW,232
05/06,6am,3-5ft,4.5ft,8s,2,2,mph,20°c,100%,SSW,193,Offshore,NE,40
05/06,12pm,3-5ft,5ft,9s,2,5,mph,23°c,100%,SSE,147,Offshore,N,350
05/06,6pm,4-6ft,5.5ft,10s,9,11,mph,22°c,100%,SE,145,Cross/Onshore,ESE,111
06/06,6am,3-5ft,5ft,11s,6,7,mph,19°c,100%,SE,144,Offshore,N,351
06/06,12pm,3-5ft,5ft,10s,10,12,mph,23°c,100%,SE,140,Cross-shore,E,92
06/06,6pm,3-5ft,5ft,11s,15,18,mph,23°c,100%,SE,138,Cross/Offshore,E,90
07/06,6am,3-5ft,4.5ft,11s,6,6,mph,20°c,100%,SE,136,Offshore,NE,44
07/06,12pm,3-5ft,4.5ft,11s,5,5,mph,24°c,100%,SE,136,Onshore,SE,130
07/06,6pm,3-5ft,5ft,10s,11,13,mph,24°c,100%,SE,135,Cross/Onshore,ESE,102
08/06,6am,3-4ft,4.5ft,10s,4,5,mph,20°c,100%,SE,131,Offshore,NW,319
08/06,12pm,3-4ft,4.5ft,10s,4,4,mph,25°c,100%,SE,132,Onshore,S,186
08/06,6pm,2-4ft,4ft,11s,7,7,mph,23°c,100%,SE,132,Onshore,SE,143
09/06,6am,2-4ft,3.5ft,11s,7,7,mph,20°c,100%,SE,131,Offshore,NW,326
09/06,12pm,2-3ft,3.5ft,11s,6,5,mph,24°c,100%,SE,131,Onshore,SW,227
09/06,6pm,2-3ft,3ft,11s,6,7,mph,23°c,100%,SE,131,Onshore,SSE,150
10/06,6am,2-3ft,3ft,12s,4,4,mph,20°c,100%,SE,129,Offshore,N,354
10/06,12pm,2-3ft,2.5ft,12s,5,6,mph,24°c,100%,SE,131,Onshore,SE,144
10/06,6pm,2-3ft,2ft,12s,16,21,mph,24°c,100%,SE,133,Cross-shore,E,93
11/06,6am,2-3ft,2.5ft,10s,4,4,mph,21°c,100%,S,189,Offshore,NE,49
11/06,12pm,2-3ft,2ft,10s,6,5,mph,24°c,100%,S,191,Onshore,SSE,166
11/06,6pm,2-3ft,1.9ft,10s,12,16,mph,24°c,100%,SSW,193,Cross-shore,E,96
12/06,6am,1-2ft,1.2ft,9s,3,3,mph,22°c,100%,SSW,195,Offshore,NE,39
12/06,12pm,1-2ft,1ft,9s,6,5,mph,26°c,100%,SSW,194,Onshore,SSE,156
12/06,6pm,1ft,0.9ft,8s,12,20,mph,25°c,100%,SSW,193,Cross/Offshore,E,88
13/06,6am,1-2ft,0.8ft,14s,5,6,mph,22°c,100%,S,182,Offshore,NNE,16
13/06,12pm,2-3ft,1.7ft,13s,3,3,mph,25°c,100%,S,185,Cross-shore,E,95
13/06,6pm,2-3ft,2ft,13s,9,11,mph,24°c,100%,S,187,Cross-shore,E,91
14/06,6am,2-3ft,2ft,11s,7,9,mph,22°c,100%,S,191,Offshore,N,351
14/06,12pm,2-3ft,1.9ft,11s,4,4,mph,26°c,100%,SSW,193,Onshore,ESE,122
14/06,6pm,2-3ft,2ft,13s,8,9,mph,24°c,100%,S,190,Cross/Offshore,E,89
15/06,6am,2-3ft,1.8ft,12s,5,6,mph,22°c,100%,S,190,Offshore,NNE,16
15/06,12pm,2-3ft,1.7ft,11s,5,4,mph,25°c,100%,S,191,Onshore,SE,131
15/06,6pm,2ft,1.5ft,11s,12,16,mph,24°c,100%,S,191,Cross-shore,E,92
16/06,6am,1-2ft,1.2ft,10s,6,6,mph,21°c,100%,S,190,Offshore,NNE,15
16/06,12pm,0-1ft,1.5ft,5s,2,3,mph,25°c,100%,E,98,Onshore,S,177
16/06,6pm,1-2ft,1.4ft,10s,8,10,mph,23°c,100%,S,182,Cross/Offshore,E,80
17/06,6am,1-2ft,1.5ft,9s,4,4,mph,20°c,100%,S,176,Offshore,N,359
17/06,12pm,1-2ft,1.5ft,9s,7,6,mph,23°c,100%,S,173,Onshore,SE,144
17/06,6pm,1-2ft,1.6ft,8s,14,17,mph,23°c,100%,S,171,Cross/Onshore,ESE,104
18/06,6am,1-2ft,1.1ft,8s,8,11,mph,21°c,100%,SSE,168,Offshore,NE,50
18/06,12pm,1-2ft,1.3ft,9s,6,6,mph,24°c,100%,S,169,Cross-shore,E,94
18/06,6pm,1-2ft,1.2ft,12s,13,14,mph,23°c,100%,SSE,167,Cross/Offshore,E,90
19/06,6am,2-3ft,2.5ft,10s,5,5,mph,20°c,100%,S,171,Offshore,NNE,16
19/06,12pm,2-4ft,2.5ft,14s,3,3,mph,24°c,100%,SSE,166,Onshore,SSE,156
19/06,6pm,4-6ft,4ft,13s,7,8,mph,24°c,100%,S,169,Cross/Offshore,E,90
20/06,6am,3-5ft,4ft,12s,9,11,mph,22°c,100%,S,172,Offshore,NNW,348
20/06,12pm,3-5ft,3.5ft,12s,11,12,mph,24°c,100%,S,174,Onshore,SSW,206
20/06,6pm,3-5ft,3ft,12s,13,17,mph,23°c,100%,S,175,Onshore,SW,222
21/06,6am,2-4ft,2.5ft,11s,10,11,mph,22°c,100%,S,183,Onshore,SE,140
21/06,12pm,5-8ft,6ft,14s,10,11,mph,23°c,100%,S,186,Onshore,SE,126
21/06,6pm,5-8ft,6ft,13s,11,13,mph,22°c,100%,S,188,Cross/Onshore,ESE,117
22/06,6am,4-6ft,4.5ft,12s,7,9,mph,20°c,100%,S,189,Offshore,NE,46
22/06,12pm,4-6ft,4.5ft,12s,8,9,mph,23°c,100%,S,187,Cross/Offshore,E,89
22/06,6pm,4-6ft,4.5ft,12s,15,18,mph,22°c,100%,S,180,Cross/Offshore,E,81
23/06,6am,3-5ft,3.5ft,11s,5,5,mph,19°c,100%,S,183,Offshore,NNE,12
23/06,12pm,3-4ft,3ft,11s,2,3,mph,23°c,100%,S,183,Cross/Onshore,ESE,115
23/06,6pm,3-4ft,2.5ft,13s,8,10,mph,23°c,100%,S,175,Cross/Offshore,E,84
24/06,6am,3-4ft,3ft,12s,7,7,mph,21°c,100%,S,179,Offshore,NNW,343
24/06,12pm,2-3ft,2ft,11s,3,5,mph,25°c,100%,S,180,Cross/Offshore,WNW,297
24/06,6pm,2-4ft,2.5ft,12s,8,9,mph,23°c,100%,S,181,Cross-shore,E,95
25/06,6am,2-3ft,2ft,11s,8,8,mph,21°c,100%,S,183,Offshore,N,6
25/06,12pm,2-3ft,1.6ft,10s,2,3,mph,26°c,100%,S,184,Onshore,SW,224
25/06,6pm,1-2ft,1.4ft,10s,8,9,mph,24°c,100%,S,186,Cross/Offshore,E,81
26/06,6am,1-2ft,1.2ft,13s,9,10,mph,23°c,100%,SSE,163,Offshore,N,1
26/06,12pm,1-2ft,1.2ft,13s,6,9,mph,28°c,100%,SSE,163,Offshore,N,359
26/06,6pm,1-2ft,1.2ft,11s,10,13,mph,26°c,100%,SSW,195,Offshore,NNE,27
27/06,6am,1-2ft,1ft,12s,10,12,mph,23°c,100%,SSE,164,Cross/Onshore,W,259
27/06,12pm,2-4ft,2.5ft,10s,11,13,mph,23°c,100%,SSW,207,Onshore,SSW,199
27/06,6pm,3-5ft,4ft,11s,3,4,mph,23°c,100%,SSW,200,Onshore,SSE,159
28/06,6am,3-5ft,3.5ft,11s,6,6,mph,22°c,100%,SSW,191,Offshore,N,355
28/06,12pm,3-5ft,3.5ft,14s,8,8,mph,24°c,100%,SSW,193,Onshore,SE,128
28/06,6pm,3-5ft,4ft,12s,9,10,mph,25°c,100%,S,188,Cross/Offshore,ENE,71
29/06,6am,3-5ft,3ft,12s,8,8,mph,21°c,100%,S,186,Offshore,NNE,26
29/06,12pm,2-4ft,2.5ft,11s,4,5,mph,25°c,100%,S,186,Cross-shore,E,94
29/06,6pm,2-3ft,2ft,11s,10,12,mph,25°c,100%,S,186,Cross/Offshore,ENE,71
30/06,6am,1-2ft,1.2ft,14s,9,11,mph,22°c,100%,SSE,155,Offshore,N,1
30/06,12pm,1-2ft,1.1ft,13s,4,5,mph,27°c,100%,SSE,155,Offshore,N,0
30/06,6pm,1-2ft,1ft,13s,9,11,mph,25°c,100%,SSE,153,Offshore,ENE,67
01/07,6am,1ft,0.8ft,13s,11,13,mph,23°c,100%,SSE,152,Offshore,NNW,339
01/07,12pm,1-2ft,0.9ft,16s,6,8,mph,27°c,100%,S,180,Offshore,NNW,334
01/07,6pm,2-3ft,1.3ft,15s,6,7,mph,26°c,100%,S,181,Cross/Onshore,ESE,106
02/07,6am,2-3ft,2ft,13s,5,6,mph,23°c,100%,S,183,Cross/Offshore,WNW,292
02/07,12pm,3-4ft,2.5ft,13s,7,7,mph,24°c,100%,SSW,192,Onshore,SE,146
02/07,6pm,3-5ft,4ft,12s,10,12,mph,24°c,100%,SSW,191,Cross/Offshore,ENE,77
03/07,6am,4-6ft,4.5ft,11s,10,13,mph,23°c,100%,S,186,Offshore,NNW,346
03/07,12pm,3-5ft,4ft,11s,10,13,mph,28°c,100%,S,188,Offshore,NNW,330
03/07,6pm,3-4ft,3.5ft,10s,7,9,mph,27°c,100%,S,188,Offshore,NNE,27
04/07,6am,2-4ft,3ft,10s,8,10,mph,24°c,100%,S,190,Onshore,SSW,198
04/07,12pm,2-3ft,2ft,12s,13,14,mph,23°c,100%,SSE,169,Onshore,SE,143
04/07,6pm,5-8ft,6.5ft,13s,15,19,mph,22°c,100%,S,179,Cross/Onshore,ESE,113
05/07,6am,6-9ft,7ft,13s,10,13,mph,20°c,100%,S,181,Onshore,SE,125
05/07,12pm,6-9ft,7ft,13s,21,26,mph,20°c,100%,S,181,Onshore,S,191
05/07,6pm,6-10ft,8.5ft,14s,18,20,mph,19°c,100%,S,184,Onshore,SSW,199
06/07,6am,6-10ft,8.5ft,14s,23,28,mph,19°c,100%,SSW,193,Onshore,SW,229
06/07,12pm,7-10ft,9ft,13s,23,26,mph,19°c,100%,SSW,197,Onshore,WSW,239
06/07,6pm,7-10ft,9ft,13s,20,24,mph,19°c,100%,SSW,196,Onshore,WSW,239
07/07,6am,6-9ft,8ft,12s,18,21,mph,18°c,100%,SSW,195,Onshore,WSW,249
07/07,12pm,5-9ft,7.5ft,12s,16,18,mph,18°c,100%,S,191,Onshore,SW,233
07/07,6pm,5-8ft,7ft,11s,10,10,mph,19°c,100%,S,186,Onshore,WSW,241
08/07,6am,4-7ft,6ft,11s,6,6,mph,17°c,100%,S,178,Offshore,NNW,332
08/07,12pm,5-7ft,6ft,11s,5,8,mph,20°c,100%,S,174,Offshore,NE,48
08/07,6pm,4-7ft,5.5ft,11s,14,16,mph,20°c,100%,S,170,Cross/Offshore,E,90
09/07,6am,4-6ft,4.5ft,11s,7,7,mph,16°c,100%,SSE,167,Offshore,NNE,12
09/07,12pm,3-5ft,4.5ft,11s,6,8,mph,20°c,100%,SSE,165,Onshore,ESE,123
09/07,6pm,3-5ft,4ft,11s,16,19,mph,20°c,100%,SSE,165,Cross/Offshore,E,85
10/07,6am,3-4ft,3.5ft,10s,7,7,mph,16°c,100%,SSE,154,Offshore,NNE,21
10/07,12pm,2-4ft,3ft,10s,4,4,mph,21°c,100%,SSE,157,Onshore,SE,131
10/07,6pm,3-4ft,3ft,12s,15,18,mph,21°c,100%,S,170,Cross/Offshore,ENE,78
11/07,6am,2-4ft,2.5ft,10s,8,9,mph,18°c,100%,S,177,Offshore,N,359
11/07,12pm,2-3ft,2.5ft,10s,4,6,mph,22°c,100%,S,179,Cross/Offshore,WNW,300
11/07,6pm,2-3ft,2ft,9s,6,7,mph,21°c,100%,S,180,Onshore,SE,141
12/07,6am,2-3ft,2.5ft,10s,6,5,mph,18°c,100%,SSE,158,Offshore,N,11
12/07,12pm,2-3ft,2.5ft,10s,5,4,mph,22°c,100%,SSE,155,Onshore,SSE,146
12/07,6pm,2-3ft,2.5ft,10s,9,11,mph,21°c,100%,SSE,152,Cross/Offshore,E,88
13/07,6am,2ft,1.8ft,9s,9,10,mph,19°c,100%,SSE,153,Offshore,N,349
13/07,12pm,1-2ft,1.5ft,9s,4,5,mph,24°c,100%,SSE,151,Offshore,NNW,327
13/07,6pm,1-2ft,1.3ft,9s,6,7,mph,23°c,100%,SSE,151,Cross/Onshore,ESE,102
14/07,6am,1ft,1ft,9s,9,9,mph,21°c,100%,SSE,152,Offshore,N,351
14/07,12pm,1ft,0.9ft,9s,1,2,mph,25°c,100%,SSE,153,Offshore,NW,310
14/07,6pm,1ft,0.9ft,9s,5,6,mph,24°c,100%,SSE,158,Cross/Onshore,ESE,110
15/07,6am,1-2ft,1.2ft,15s,7,9,mph,22°c,100%,SSE,165,Offshore,N,354
15/07,12pm,2-3ft,1.9ft,14s,11,13,mph,24°c,100%,SSE,165,Onshore,SW,230
15/07,6pm,2-3ft,2ft,13s,6,8,mph,22°c,100%,SSE,167,Onshore,SSW,210
16/07,6am,3-5ft,3.5ft,12s,8,10,mph,21°c,100%,S,177,Offshore,NW,322
16/07,12pm,4-6ft,4.5ft,13s,24,29,mph,22°c,100%,SSW,196,Onshore,SW,231
16/07,6pm,5-7ft,7.5ft,9s,23,28,mph,20°c,100%,SSW,204,Onshore,SW,234
17/07,6am,6-9ft,8ft,11s,15,18,mph,19°c,100%,S,183,Cross/Onshore,W,263
17/07,12pm,5-7ft,6.5ft,11s,8,9,mph,18°c,100%,S,176,Cross-shore,W,272
17/07,6pm,6-9ft,8ft,12s,3,3,mph,19°c,100%,SSE,160,Onshore,SW,229
18/07,6am,6-9ft,9ft,12s,9,13,mph,18°c,100%,SSE,151,Offshore,NE,54
18/07,12pm,5-8ft,8.5ft,12s,14,17,mph,20°c,100%,SSE,147,Cross/Offshore,E,86
18/07,6pm,5-8ft,8ft,12s,15,18,mph,20°c,100%,SE,143,Cross-shore,E,91
19/07,6am,4-7ft,6.5ft,12s,11,17,mph,18°c,100%,SE,140,Offshore,NE,47
19/07,12pm,4-6ft,6ft,12s,8,12,mph,22°c,100%,SE,138,Cross/Offshore,ENE,76
19/07,6pm,4-6ft,7ft,11s,16,23,mph,20°c,100%,SE,130,Cross/Offshore,ENE,74
20/07,6am,4-6ft,6.5ft,12s,7,8,mph,17°c,100%,SE,128,Offshore,NNE,20
20/07,12pm,4-6ft,6.5ft,13s,2,4,mph,22°c,100%,SE,128,Onshore,S,176
20/07,6pm,4-6ft,7ft,13s,17,25,mph,22°c,100%,SE,124,Cross/Offshore,ENE,71
21/07,6am,4-6ft,7ft,14s,6,7,mph,18°c,100%,SE,124,Offshore,NNE,27
21/07,12pm,4-6ft,6.5ft,14s,3,5,mph,23°c,100%,SE,126,Cross/Offshore,E,84
21/07,6pm,4-6ft,7ft,14s,15,25,mph,22°c,100%,SE,125,Cross/Offshore,ENE,76
22/07,6am,4-7ft,7ft,15s,8,9,mph,19°c,100%,SE,124,Offshore,N,8
22/07,12pm,4-6ft,6.5ft,15s,4,6,mph,24°c,100%,SE,125,Cross/Offshore,E,86
22/07,6pm,4-6ft,6ft,14s,13,16,mph,23°c,100%,ESE,123,Cross/Offshore,ENE,70
23/07,6am,3-5ft,5.5ft,14s,7,9,mph,19°c,100%,ESE,120,Offshore,N,9
23/07,12pm,3-4ft,5ft,13s,4,5,mph,24°c,100%,ESE,120,Onshore,SSE,159
23/07,6pm,3-4ft,4.5ft,13s,13,16,mph,23°c,100%,ESE,118,Cross/Offshore,E,80
24/07,6am,2-3ft,4.5ft,12s,8,9,mph,19°c,100%,ESE,114,Offshore,N,9
24/07,12pm,2-3ft,4ft,12s,4,5,mph,25°c,100%,ESE,114,Onshore,SE,142
24/07,6pm,2-3ft,3.5ft,10s,8,9,mph,23°c,100%,ESE,114,Cross-shore,E,95
25/07,6am,1-2ft,1.5ft,11s,5,6,mph,21°c,100%,SE,130,Offshore,N,3
25/07,12pm,1-2ft,3ft,9s,5,5,mph,23°c,100%,ESE,104,Onshore,S,185
25/07,6pm,1-2ft,3ft,9s,5,6,mph,22°c,100%,ESE,106,Cross-shore,E,95
26/07,6am,1-2ft,1.1ft,9s,4,4,mph,20°c,100%,SSW,201,Offshore,NNE,33
26/07,12pm,1-2ft,1.5ft,9s,5,6,mph,24°c,100%,SSW,196,Onshore,SE,143
26/07,6pm,1-2ft,1.6ft,8s,18,24,mph,22°c,100%,SSW,192,Cross-shore,E,91
27/07,6am,2-3ft,2ft,12s,6,7,mph,19°c,100%,S,182,Offshore,NNE,12
27/07,12pm,2-3ft,2ft,11s,6,6,mph,24°c,100%,S,182,Onshore,SE,134
27/07,6pm,2-3ft,2.5ft,11s,11,14,mph,23°c,100%,S,178,Cross-shore,E,92
28/07,6am,2-3ft,1.7ft,10s,9,13,mph,21°c,100%,S,182,Cross-shore,W,276
28/07,12pm,1-2ft,1.3ft,10s,9,11,mph,22°c,100%,S,185,Onshore,SSW,212
28/07,6pm,1-2ft,1.3ft,10s,6,7,mph,21°c,100%,S,182,Onshore,S,171
29/07,6am,2-3ft,1.9ft,9s,5,5,mph,18°c,100%,SSW,205,Offshore,NNE,19
29/07,12pm,2-3ft,2.5ft,11s,7,7,mph,21°c,100%,SSW,201,Onshore,SE,146
29/07,6pm,3-5ft,3ft,12s,12,16,mph,21°c,100%,S,191,Cross-shore,E,97
30/07,6am,3-5ft,4ft,12s,7,7,mph,19°c,100%,S,179,Offshore,NNE,30
30/07,12pm,3-5ft,4ft,11s,4,5,mph,24°c,100%,S,176,Cross/Onshore,ESE,103
30/07,6pm,3-5ft,3.5ft,11s,11,13,mph,24°c,100%,S,174,Cross/Offshore,E,80
31/07,6am,4-6ft,4ft,13s,3,3,mph,21°c,100%,SSE,166,Offshore,NW,308
31/07,12pm,3-5ft,3.5ft,12s,13,14,mph,22°c,100%,SSE,168,Onshore,SSW,210
31/07,6pm,3-4ft,3ft,12s,6,8,mph,21°c,100%,S,170,Onshore,SW,216
01/08,6am,2-3ft,2.5ft,15s,6,7,mph,19°c,100%,SE,138,Offshore,NE,44
01/08,12pm,2-3ft,2.5ft,14s,9,10,mph,23°c,100%,SE,138,Cross/Onshore,E,101
01/08,6pm,2-3ft,2ft,9s,15,19,mph,23°c,100%,S,178,Cross/Offshore,E,87
02/08,6am,2-3ft,2ft,13s,8,9,mph,21°c,100%,SE,137,Offshore,NNE,13
02/08,12pm,2-3ft,1.9ft,13s,3,5,mph,27°c,100%,SE,137,Offshore,NE,47
02/08,6pm,2ft,1.8ft,14s,8,10,mph,27°c,100%,SE,136,Offshore,NE,44
03/08,6am,3-5ft,5ft,7s,17,20,mph,20°c,100%,SSW,199,Onshore,S,191
03/08,12pm,4-6ft,6ft,9s,16,20,mph,20°c,100%,SSW,197,Onshore,SSW,212
03/08,6pm,4-6ft,6ft,9s,13,15,mph,19°c,100%,S,191,Onshore,S,183
04/08,6am,5-7ft,6.5ft,10s,18,21,mph,18°c,100%,S,188,Onshore,S,179
04/08,12pm,5-8ft,6.5ft,11s,13,16,mph,19°c,100%,S,188,Onshore,S,190
04/08,6pm,5-8ft,7ft,12s,10,12,mph,19°c,100%,S,189,Onshore,S,177
05/08,6am,5-8ft,6.5ft,12s,6,7,mph,18°c,100%,S,189,Offshore,NE,41
05/08,12pm,4-7ft,5.5ft,12s,11,13,mph,20°c,100%,S,187,Cross/Onshore,E,101
05/08,6pm,4-6ft,4.5ft,11s,17,22,mph,20°c,100%,SSW,192,Cross/Offshore,E,79
06/08,6am,3-4ft,3ft,10s,11,17,mph,18°c,100%,SSW,195,Offshore,NE,50
06/08,12pm,2-3ft,2.5ft,10s,14,17,mph,22°c,100%,SSW,195,Cross/Offshore,E,84
06/08,6pm,2-3ft,2ft,10s,18,25,mph,21°c,100%,SSW,195,Cross/Offshore,E,81
07/08,6am,2-3ft,2ft,11s,6,7,mph,18°c,100%,SSE,157,Offshore,NNE,33
07/08,12pm,2-3ft,2ft,11s,5,6,mph,22°c,100%,SSE,158,Onshore,SE,140
07/08,6pm,2-3ft,1.9ft,11s,14,18,mph,23°c,100%,SSE,159,Cross/Offshore,E,82
08/08,6am,1-2ft,1.4ft,10s,6,7,mph,20°c,100%,SSE,155,Offshore,NNE,26
08/08,12pm,1-2ft,1.2ft,10s,7,7,mph,23°c,100%,SSE,153,Onshore,SE,133
08/08,6pm,1-2ft,1.1ft,10s,11,14,mph,23°c,100%,SSE,150,Cross-shore,E,93
09/08,6am,1ft,2ft,6s,6,7,mph,20°c,100%,E,99,Offshore,NE,42
09/08,12pm,1ft,0.8ft,10s,10,10,mph,23°c,100%,SE,144,Cross/Onshore,ESE,118
09/08,6pm,1ft,0.6ft,10s,13,18,mph,22°c,100%,SE,142,Cross-shore,E,90
10/08,6am,2-3ft,1.4ft,20s,9,10,mph,21°c,100%,S,175,Offshore,NNE,16
10/08,12pm,4-6ft,3.5ft,18s,4,6,mph,26°c,100%,S,178,Offshore,NNW,343
10/08,6pm,5-7ft,5ft,17s,10,11,mph,25°c,100%,S,179,Cross/Offshore,E,87
11/08,6am,4-7ft,4.5ft,15s,8,9,mph,23°c,100%,S,182,Offshore,N,359
11/08,12pm,4-6ft,4.5ft,14s,20,27,mph,24°c,100%,S,183,Cross/Onshore,WSW,253
11/08,6pm,4-6ft,4ft,14s,13,20,mph,22°c,100%,S,183,Onshore,WSW,246
12/08,6am,4-6ft,4.5ft,12s,6,7,mph,20°c,100%,S,191,Offshore,NE,38
12/08,12pm,4-6ft,4ft,12s,6,7,mph,24°c,100%,S,190,Onshore,SE,126
12/08,6pm,3-5ft,3.5ft,12s,13,16,mph,23°c,100%,S,189,Cross-shore,E,91
13/08,6am,2-3ft,2.5ft,11s,10,11,mph,21°c,100%,S,188,Offshore,N,357
13/08,12pm,2-3ft,1.8ft,11s,2,4,mph,26°c,100%,S,188,Cross-shore,W,272
13/08,6pm,2-3ft,1.9ft,16s,22,29,mph,22°c,100%,S,180,Onshore,SW,229
14/08,6am,4-6ft,6ft,8s,19,22,mph,20°c,100%,SSW,191,Onshore,S,190
14/08,12pm,4-6ft,6.5ft,9s,18,20,mph,18°c,100%,S,186,Onshore,SSW,193
14/08,6pm,5-8ft,7ft,11s,15,18,mph,19°c,100%,S,189,Onshore,SSW,211
15/08,6am,5-8ft,7.5ft,12s,13,15,mph,19°c,100%,S,184,Onshore,SE,125
15/08,12pm,5-8ft,7ft,11s,14,17,mph,19°c,100%,S,178,Cross/Onshore,E,100
15/08,6pm,5-7ft,6.5ft,11s,15,18,mph,19°c,100%,S,172,Cross-shore,E,90
16/08,6am,4-6ft,5ft,12s,11,16,mph,16°c,100%,SSE,168,Offshore,NE,42
16/08,12pm,4-6ft,4.5ft,11s,2,3,mph,21°c,100%,SSE,166,Cross/Offshore,E,83
16/08,6pm,3-5ft,4.5ft,11s,17,22,mph,20°c,100%,SSE,153,Cross/Offshore,E,80
17/08,6am,2-4ft,2.5ft,11s,9,9,mph,16°c,100%,S,182,Offshore,NNE,20
17/08,12pm,2-3ft,2ft,10s,4,6,mph,23°c,100%,S,181,Cross/Offshore,E,82
17/08,6pm,2ft,1.5ft,10s,11,12,mph,23°c,100%,S,183,Cross/Offshore,E,80
18/08,6am,1-2ft,1.2ft,10s,11,13,mph,19°c,100%,S,182,Offshore,N,358
18/08,12pm,1-2ft,1ft,10s,6,8,mph,26°c,100%,S,183,Offshore,N,0
18/08,6pm,1ft,0.7ft,10s,8,10,mph,24°c,100%,S,184,Cross-shore,E,92
19/08,6am,1ft,0.5ft,10s,15,22,mph,22°c,100%,S,184,Cross/Onshore,W,260
19/08,12pm,1ft,1.4ft,4s,12,14,mph,22°c,100%,SW,227,Onshore,SW,225
19/08,6pm,2-3ft,3ft,5s,17,21,mph,21°c,100%,S,180,Onshore,SE,145
20/08,6am,3-5ft,4.5ft,7s,13,18,mph,20°c,100%,S,171,Cross-shore,E,100
20/08,12pm,4-6ft,5ft,12s,13,15,mph,21°c,100%,S,188,Onshore,SE,127
20/08,6pm,4-7ft,6ft,11s,15,19,mph,20°c,100%,S,175,Onshore,SE,143
21/08,6am,4-7ft,5ft,12s,13,16,mph,19°c,100%,S,186,Onshore,SE,136
21/08,12pm,4-6ft,5ft,12s,9,10,mph,19°c,100%,S,185,Onshore,ESE,122
21/08,6pm,4-6ft,4.5ft,11s,10,12,mph,19°c,100%,S,184,Cross/Onshore,ESE,113
22/08,6am,3-5ft,4ft,10s,4,5,mph,20°c,100%,S,181,Onshore,SSW,213
22/08,12pm,3-5ft,3.5ft,10s,12,12,mph,20°c,100%,S,181,Onshore,SSW,195
22/08,6pm,3-5ft,4.5ft,10s,14,16,mph,19°c,100%,S,170,Onshore,ESE,123
23/08,6am,3-5ft,4.5ft,10s,11,15,mph,18°c,100%,S,171,Offshore,ENE,70
23/08,12pm,3-5ft,4.5ft,10s,14,17,mph,19°c,100%,SSE,166,Cross/Offshore,E,83
23/08,6pm,3-5ft,3.5ft,10s,18,21,mph,19°c,100%,S,179,Cross/Offshore,ENE,76
24/08,6am,3-5ft,3.5ft,11s,7,7,mph,18°c,100%,S,171,Offshore,N,357
24/08,12pm,3-4ft,3.5ft,10s,13,14,mph,21°c,100%,S,177,Onshore,WSW,243
24/08,6pm,3-4ft,3ft,10s,10,12,mph,20°c,100%,S,174,Onshore,SSW,210
25/08,6am,3-5ft,4ft,10s,9,10,mph,19°c,100%,S,176,Onshore,SSE,159
25/08,12pm,3-5ft,4ft,10s,9,8,mph,20°c,100%,S,178,Onshore,SSE,155
25/08,6pm,3-4ft,3.5ft,10s,8,9,mph,20°c,100%,S,178,Onshore,SE,128
26/08,6am,3-4ft,3.5ft,9s,10,13,mph,18°c,100%,SSE,168,Cross/Offshore,ENE,71
26/08,12pm,2-3ft,3ft,7s,15,17,mph,20°c,100%,SSE,152,Cross-shore,E,99
26/08,6pm,2-4ft,3ft,9s,14,20,mph,20°c,100%,SSE,165,Cross/Offshore,ENE,78
27/08,6am,2-3ft,3.5ft,7s,12,17,mph,18°c,100%,SE,131,Offshore,NE,55
27/08,12pm,2-3ft,3.5ft,8s,11,11,mph,21°c,100%,SE,130,Cross/Onshore,ESE,116
27/08,6pm,3-4ft,4.5ft,9s,17,22,mph,21°c,100%,SE,133,Cross/Offshore,E,89
28/08,6am,4-6ft,6ft,12s,12,16,mph,19°c,100%,SE,136,Cross/Offshore,ENE,71
28/08,12pm,4-6ft,6ft,12s,15,16,mph,21°c,100%,SE,135,Cross-shore,E,98
28/08,6pm,4-6ft,6ft,12s,17,21,mph,20°c,100%,SE,133,Cross-shore,E,100
29/08,6am,3-5ft,5.5ft,12s,9,12,mph,18°c,100%,SE,130,Offshore,NE,46
29/08,12pm,3-5ft,5.5ft,11s,9,11,mph,23°c,100%,SE,128,Cross/Onshore,ESE,105
29/08,6pm,3-4ft,5.5ft,11s,15,22,mph,21°c,100%,ESE,121,Cross/Offshore,E,79
30/08,6am,2-3ft,4.5ft,11s,5,5,mph,18°c,100%,ESE,117,Offshore,NE,36
30/08,12pm,2-3ft,4ft,10s,8,8,mph,23°c,100%,ESE,116,Onshore,ESE,123
30/08,6pm,2ft,4ft,10s,13,14,mph,23°c,100%,ESE,112,Cross/Offshore,ENE,78
31/08,6am,1-2ft,3.5ft,9s,10,12,mph,20°c,100%,ESE,107,Offshore,N,1
31/08,12pm,1-2ft,3ft,9s,4,6,mph,26°c,100%,ESE,107,Offshore,NNE,30
31/08,6pm,1-2ft,3ft,9s,8,10,mph,27°c,100%,ESE,106,Offshore,ENE,69
01/09,6am,1ft,3ft,9s,12,18,mph,22°c,100%,ESE,101,Cross-shore,W,273
01/09,12pm,1-2ft,1.8ft,5s,13,16,mph,22°c,100%,SW,233,Onshore,SW,229
01/09,6pm,1ft,1.5ft,5s,13,16,mph,21°c,100%,SW,217,Onshore,SSW,213
02/09,6am,1-2ft,1.4ft,11s,5,5,mph,21°c,100%,S,189,Cross-shore,E,99
02/09,12pm,2ft,1.6ft,10s,7,9,mph,24°c,100%,SSW,194,Cross-shore,E,93
02/09,6pm,2-3ft,2ft,9s,3,4,mph,22°c,100%,SSW,195,Onshore,S,182
03/09,6am,2-3ft,2.5ft,8s,9,12,mph,21°c,100%,SSW,192,Offshore,ENE,68
03/09,12pm,2-3ft,2.5ft,7s,11,12,mph,24°c,100%,S,185,Onshore,SE,132
03/09,6pm,2-3ft,2.5ft,7s,9,13,mph,22°c,100%,S,178,Cross/Onshore,WSW,250
04/09,6am,2-3ft,2ft,9s,7,9,mph,21°c,100%,SSW,195,Onshore,SSW,212
04/09,12pm,2-3ft,2ft,9s,10,11,mph,21°c,100%,SSW,194,Onshore,S,178
04/09,6pm,2-3ft,2ft,9s,14,18,mph,21°c,100%,SSW,195,Onshore,SW,220
05/09,6am,4-6ft,5ft,11s,18,21,mph,21°c,100%,S,187,Onshore,SSE,155
05/09,12pm,5-7ft,6ft,11s,17,20,mph,20°c,100%,S,182,Onshore,SSE,151
05/09,6pm,5-8ft,5.5ft,14s,14,16,mph,19°c,100%,S,187,Onshore,SE,144
06/09,6am,6-10ft,8ft,14s,13,16,mph,19°c,100%,S,181,Cross-shore,E,94
06/09,12pm,6-9ft,7.5ft,14s,15,18,mph,19°c,100%,S,179,Cross-shore,E,92
06/09,6pm,6-9ft,7ft,13s,16,21,mph,19°c,100%,S,172,Cross-shore,E,91
07/09,6am,5-7ft,5.5ft,13s,9,12,mph,18°c,100%,S,182,Offshore,NE,54
07/09,12pm,4-7ft,5ft,13s,12,13,mph,23°c,100%,S,181,Cross/Onshore,ESE,104
07/09,6pm,4-6ft,4.5ft,13s,15,22,mph,22°c,100%,S,180,Cross/Offshore,ENE,78
08/09,6am,3-5ft,3ft,12s,6,7,mph,19°c,100%,S,177,Offshore,NNE,23
08/09,12pm,3-4ft,3ft,11s,10,11,mph,24°c,100%,S,176,Cross/Onshore,ESE,110
08/09,6pm,2-3ft,2.5ft,11s,13,18,mph,23°c,100%,S,175,Cross/Offshore,E,83
09/09,6am,1-2ft,1.5ft,10s,7,8,mph,20°c,100%,S,175,Offshore,NE,39
09/09,12pm,1-2ft,1.2ft,11s,7,9,mph,25°c,100%,SSE,163,Cross/Onshore,ESE,112
09/09,6pm,1-2ft,1.3ft,10s,13,15,mph,25°c,100%,S,169,Cross/Offshore,ENE,78
10/09,6am,1ft,0.8ft,11s,7,8,mph,21°c,100%,S,174,Offshore,NE,45
10/09,12pm,1-2ft,1ft,11s,8,9,mph,26°c,100%,S,173,Cross/Onshore,ESE,104
10/09,6pm,1-2ft,0.9ft,10s,12,14,mph,25°c,100%,S,175,Cross/Offshore,E,84
11/09,6am,1ft,0.6ft,10s,4,5,mph,22°c,100%,S,178,Offshore,NE,39
11/09,12pm,1ft,3ft,8s,9,10,mph,23°c,100%,E,96,Onshore,SSE,165
11/09,6pm,1ft,3ft,8s,6,7,mph,24°c,100%,E,95,Cross/Onshore,ESE,108
12/09,6am,1ft,3ft,8s,8,9,mph,23°c,100%,E,94,Offshore,NNE,12
12/09,12pm,1ft,0.8ft,11s,6,8,mph,28°c,100%,SSW,195,Onshore,SE,131
12/09,6pm,1-2ft,1.1ft,10s,11,13,mph,26°c,100%,SSW,198,Cross-shore,E,94
13/09,6am,2-3ft,2ft,11s,18,27,mph,22°c,100%,S,188,Cross/Onshore,W,263
13/09,12pm,2-3ft,1.9ft,10s,18,24,mph,22°c,100%,S,187,Onshore,WSW,239
13/09,6pm,3-4ft,3ft,12s,12,17,mph,22°c,100%,S,190,Onshore,WSW,240
14/09,6am,3-4ft,3.5ft,11s,6,8,mph,21°c,100%,S,180,Onshore,SE,139
14/09,12pm,3-5ft,3.5ft,10s,10,11,mph,22°c,100%,S,178,Onshore,SE,127
14/09,6pm,3-5ft,4ft,10s,14,18,mph,21°c,100%,S,170,Cross/Onshore,ESE,114
15/09,6am,3-5ft,4ft,10s,9,14,mph,21°c,100%,SSE,160,Cross/Offshore,ENE,78
15/09,12pm,3-4ft,4ft,10s,14,15,mph,23°c,100%,SSE,153,Onshore,SE,128
15/09,6pm,2-4ft,3ft,10s,19,27,mph,22°c,100%,SSE,161,Cross-shore,E,95
16/09,6am,2-3ft,2.5ft,10s,9,12,mph,20°c,100%,SSE,154,Offshore,ENE,56
16/09,12pm,2-3ft,2ft,10s,9,10,mph,26°c,100%,SSE,153,Onshore,SE,132
16/09,6pm,2ft,1.9ft,9s,16,21,mph,24°c,100%,SSE,151,Cross/Offshore,E,89
17/09,6am,1-2ft,1.4ft,9s,8,9,mph,22°c,100%,SSE,148,Offshore,N,11
17/09,12pm,1ft,1ft,10s,7,8,mph,28°c,100%,SSE,147,Cross/Onshore,ESE,117
17/09,6pm,1ft,0.8ft,10s,12,13,mph,26°c,100%,SE,145,Cross/Offshore,E,87
18/09,6am,1ft,0.8ft,11s,7,9,mph,23°c,100%,SE,141,Offshore,NNE,23
18/09,12pm,1ft,0.8ft,10s,1,5,mph,29°c,100%,SE,140,Offshore,NE,55
18/09,6pm,1-2ft,0.9ft,15s,12,14,mph,27°c,100%,S,185,Cross/Onshore,ESE,106
19/09,6am,3-4ft,2.5ft,12s,10,12,mph,22°c,100%,S,188,Onshore,SW,216
19/09,12pm,3-5ft,3ft,12s,14,15,mph,22°c,100%,S,189,Onshore,S,177
19/09,6pm,3-5ft,4ft,12s,12,19,mph,23°c,100%,S,186,Cross/Onshore,ESE,105
20/09,6am,2-3ft,2.5ft,11s,8,9,mph,23°c,100%,S,191,Offshore,N,11
20/09,12pm,3-5ft,3ft,13s,22,31,mph,24°c,100%,S,186,Cross/Onshore,WSW,252
20/09,6pm,3-5ft,3ft,12s,11,12,mph,23°c,100%,S,188,Onshore,SE,145
21/09,6am,2-4ft,2.5ft,11s,12,17,mph,22°c,100%,S,186,Cross/Onshore,WSW,257
21/09,12pm,2-4ft,2.5ft,11s,11,14,mph,22°c,100%,S,186,Onshore,SW,217
21/09,6pm,2-4ft,2.5ft,12s,11,14,mph,22°c,100%,S,188,Onshore,WSW,237
22/09,6am,3-4ft,4ft,7s,11,14,mph,21°c,100%,S,185,Onshore,SSE,163
22/09,12pm,3-4ft,4ft,8s,15,19,mph,21°c,100%,S,177,Onshore,SSE,155
22/09,6pm,3-5ft,3.5ft,14s,16,20,mph,20°c,100%,S,187,Onshore,SSE,151
23/09,6am,3-4ft,3ft,12s,14,15,mph,19°c,100%,S,191,Onshore,SSE,149
23/09,12pm,3-4ft,3ft,11s,11,11,mph,20°c,100%,SSW,192,Onshore,SE,140
23/09,6pm,3-4ft,3ft,11s,15,15,mph,19°c,100%,S,190,Onshore,SE,125
24/09,6am,6-9ft,7.5ft,14s,15,21,mph,18°c,100%,S,172,Cross/Offshore,ENE,71
24/09,12pm,6-9ft,7.5ft,13s,16,16,mph,21°c,100%,S,170,Cross-shore,E,97
24/09,6pm,5-7ft,5.5ft,13s,20,26,mph,20°c,100%,S,183,Cross/Offshore,E,83
25/09,6am,4-7ft,5ft,13s,7,8,mph,18°c,100%,S,182,Offshore,ENE,65
25/09,12pm,4-6ft,4.5ft,13s,3,4,mph,20°c,100%,S,183,Offshore,NE,46
25/09,6pm,3-5ft,4ft,13s,11,15,mph,20°c,100%,S,183,Offshore,NE,53
26/09,6am,3-4ft,2.5ft,12s,4,5,mph,19°c,100%,S,183,Offshore,NNE,26
26/09,12pm,2-3ft,2.5ft,11s,4,5,mph,20°c,100%,S,183,Offshore,NE,41
26/09,6pm,2-3ft,2ft,11s,5,6,mph,20°c,100%,S,183,Offshore,NE,55
27/09,6am,1-2ft,1.5ft,10s,9,15,mph,19°c,100%,S,185,Offshore,NE,52
27/09,12pm,1-2ft,1.2ft,10s,8,8,mph,21°c,100%,S,186,Onshore,S,177
27/09,6pm,1-2ft,1ft,10s,14,18,mph,21°c,100%,S,186,Onshore,SW,224
28/09,6am,1-2ft,2ft,5s,10,12,mph,21°c,100%,SSW,192,Onshore,SSE,157
28/09,12pm,2-3ft,3ft,6s,15,16,mph,21°c,100%,S,175,Onshore,SSE,148
28/09,6pm,3-4ft,4ft,7s,15,18,mph,20°c,100%,S,170,Onshore,SE,133
29/09,6am,4-6ft,5ft,11s,9,11,mph,19°c,100%,S,178,Cross/Offshore,ENE,78
29/09,12pm,4-6ft,5ft,11s,16,17,mph,21°c,100%,S,178,Cross/Onshore,ESE,114
29/09,6pm,4-6ft,5ft,11s,17,21,mph,20°c,100%,S,177,Cross/Onshore,ESE,102
30/09,6am,4-5ft,4.5ft,11s,10,14,mph,19°c,100%,S,176,Offshore,ENE,68
30/09,12pm,3-5ft,4ft,10s,18,19,mph,22°c,100%,S,176,Cross/Onshore,ESE,105
30/09,6pm,3-4ft,3.5ft,10s,19,25,mph,20°c,100%,S,176,Cross/Offshore,E,84
01/10,6am,3-5ft,3.5ft,11s,12,17,mph,19°c,100%,S,170,Offshore,ENE,60
01/10,12pm,3-4ft,3ft,11s,17,20,mph,23°c,100%,S,170,Cross/Onshore,E,100
01/10,6pm,2-4ft,2.5ft,10s,18,26,mph,21°c,100%,SSE,169,Cross/Offshore,E,85
02/10,6am,2-3ft,2ft,10s,9,11,mph,18°c,100%,SSE,166,Offshore,NE,50
02/10,12pm,2ft,1.6ft,10s,11,13,mph,24°c,100%,SSE,164,Cross/Onshore,ESE,113
02/10,6pm,1-2ft,1.4ft,9s,16,23,mph,23°c,100%,SSE,163,Cross/Offshore,E,80
03/10,6am,1-2ft,4ft,7s,7,8,mph,19°c,100%,ESE,102,Offshore,NNE,33
03/10,12pm,1-2ft,3.5ft,8s,11,10,mph,22°c,100%,ESE,104,Onshore,SSE,152
03/10,6pm,1-2ft,3.5ft,8s,12,17,mph,23°c,100%,ESE,105,Cross-shore,E,95
04/10,6am,1-2ft,3.5ft,8s,2,2,mph,21°c,100%,ESE,105,Offshore,ENE,67
04/10,12pm,1-2ft,1.1ft,13s,11,12,mph,23°c,100%,S,186,Onshore,SE,143
04/10,6pm,2-3ft,2ft,12s,17,27,mph,24°c,100%,S,190,Cross/Offshore,E,87
05/10,6am,2-3ft,2.5ft,10s,6,7,mph,21°c,100%,S,191,Offshore,NNE,32
05/10,12pm,2-3ft,2ft,10s,9,12,mph,27°c,100%,S,188,Cross/Onshore,ESE,104
05/10,6pm,2-3ft,1.9ft,9s,13,17,mph,27°c,100%,S,185,Offshore,NE,40
06/10,6am,1-2ft,1.3ft,11s,14,19,mph,22°c,100%,S,182,Onshore,WSW,247
06/10,12pm,1-2ft,1.3ft,10s,14,17,mph,23°c,100%,S,182,Onshore,SW,217
06/10,6pm,1-2ft,1.2ft,10s,8,11,mph,22°c,100%,S,186,Onshore,SW,226
07/10,6am,3-4ft,2.5ft,14s,4,5,mph,22°c,100%,S,181,Cross/Onshore,WSW,252
07/10,12pm,3-5ft,3ft,13s,11,10,mph,22°c,100%,SSW,192,Onshore,S,171
07/10,6pm,2-4ft,3ft,8s,8,11,mph,23°c,100%,SSW,196,Onshore,SSE,148
08/10,6am,3-4ft,3.5ft,8s,6,7,mph,21°c,100%,S,185,Onshore,WSW,240
08/10,12pm,3-4ft,4ft,8s,12,15,mph,22°c,100%,S,180,Onshore,SW,224
08/10,6pm,3-4ft,4ft,8s,15,18,mph,21°c,100%,S,174,Onshore,S,173
09/10,6am,3-4ft,3ft,12s,13,16,mph,20°c,100%,S,182,Onshore,SSW,203
09/10,12pm,3-4ft,2.5ft,12s,6,9,mph,21°c,100%,S,183,Onshore,SSE,153
09/10,6pm,2-4ft,2.5ft,11s,8,9,mph,21°c,100%,S,184,Onshore,SSW,202
10/10,6am,2-3ft,1.8ft,10s,4,4,mph,21°c,100%,S,185,Onshore,SSE,155
10/10,12pm,2ft,1.5ft,10s,2,2,mph,21°c,100%,S,186,Offshore,NW,310
10/10,6pm,1-2ft,1.9ft,6s,8,10,mph,21°c,100%,SSE,147,Cross/Offshore,ENE,72
11/10,6am,1ft,2ft,5s,4,5,mph,21°c,100%,ESE,114,Offshore,NE,36
11/10,12pm,2-3ft,1.9ft,14s,8,10,mph,25°c,100%,S,183,Cross/Onshore,ESE,112
11/10,6pm,3-4ft,2.5ft,14s,15,20,mph,24°c,100%,S,185,Cross-shore,E,91
12/10,6am,2-4ft,2.5ft,12s,5,6,mph,22°c,100%,S,188,Offshore,NE,39
12/10,12pm,2-3ft,2ft,12s,9,10,mph,26°c,100%,S,190,Cross/Onshore,ESE,117
12/10,6pm,2-3ft,1.7ft,12s,12,14,mph,25°c,100%,S,191,Cross-shore,E,90
13/10,6am,2-3ft,1.6ft,11s,6,7,mph,22°c,100%,S,188,Offshore,NE,45
13/10,12pm,1-2ft,1.2ft,11s,9,10,mph,27°c,100%,S,191,Cross/Onshore,ESE,113
13/10,6pm,2-3ft,1.5ft,18s,13,15,mph,27°c,100%,S,176,Cross/Offshore,E,82
14/10,6am,4-6ft,3.5ft,15s,6,8,mph,23°c,100%,S,181,Offshore,NNE,32
14/10,12pm,3-5ft,3.5ft,14s,11,11,mph,26°c,100%,S,183,Onshore,SE,136
14/10,6pm,3-5ft,3ft,13s,12,17,mph,24°c,100%,S,185,Onshore,WSW,239
15/10,6am,3-4ft,2.5ft,12s,10,16,mph,23°c,100%,S,188,Cross/Onshore,WSW,258
15/10,12pm,2-4ft,2.5ft,12s,9,10,mph,23°c,100%,S,188,Onshore,S,187
15/10,6pm,2-4ft,2.5ft,11s,4,5,mph,23°c,100%,SSW,195,Cross/Offshore,E,89
16/10,6am,4-6ft,4.5ft,14s,4,5,mph,22°c,100%,S,178,Offshore,NE,40
16/10,12pm,6-9ft,7.5ft,15s,11,14,mph,23°c,100%,S,175,Onshore,SE,136
16/10,6pm,6-9ft,7ft,14s,14,21,mph,23°c,100%,S,171,Cross/Onshore,ESE,106
17/10,6am,5-7ft,5.5ft,14s,6,6,mph,22°c,100%,S,179,Offshore,ENE,67
17/10,12pm,5-8ft,6ft,13s,14,16,mph,24°c,100%,SSE,164,Cross/Onshore,ESE,113
17/10,6pm,4-7ft,5.5ft,13s,19,26,mph,24°c,100%,SSE,167,Cross-shore,E,94
18/10,6am,3-5ft,3ft,12s,7,7,mph,22°c,100%,S,175,Offshore,NE,52
18/10,12pm,2-4ft,2.5ft,11s,6,7,mph,23°c,100%,S,174,Onshore,SSW,203
18/10,6pm,2-4ft,2.5ft,11s,6,7,mph,24°c,100%,S,173,Cross/Onshore,ESE,119
19/10,6am,2-3ft,2.5ft,10s,11,15,mph,23°c,100%,S,170,Cross/Onshore,WSW,252
19/10,12pm,2ft,1.6ft,11s,15,18,mph,23°c,100%,SSE,155,Onshore,SW,218
19/10,6pm,2-3ft,3.5ft,9s,10,15,mph,23°c,100%,SE,133,Onshore,SW,222
20/10,6am,2-3ft,3ft,6s,13,16,mph,22°c,100%,S,180,Onshore,SSW,211
20/10,12pm,3-4ft,4ft,6s,15,17,mph,21°c,100%,S,183,Onshore,SSW,214
20/10,6pm,3-4ft,4ft,7s,12,15,mph,21°c,100%,S,185,Onshore,SW,227
21/10,6am,4-7ft,6ft,11s,8,10,mph,21°c,100%,S,186,Onshore,SW,229
21/10,12pm,4-7ft,5.5ft,11s,8,7,mph,22°c,100%,S,186,Onshore,SSW,192
21/10,6pm,4-6ft,5ft,10s,7,7,mph,21°c,100%,S,185,Onshore,SE,139
22/10,6am,4-7ft,5.5ft,11s,7,9,mph,20°c,100%,S,179,Cross/Offshore,E,87
22/10,12pm,4-6ft,5ft,11s,10,9,mph,21°c,100%,S,176,Onshore,SE,141
22/10,6pm,4-6ft,5ft,10s,9,10,mph,22°c,100%,S,175,Onshore,ESE,122
23/10,6am,3-5ft,3.5ft,10s,6,7,mph,22°c,100%,S,176,Cross/Offshore,E,82
23/10,12pm,3-4ft,3ft,9s,14,14,mph,23°c,100%,S,177,Onshore,ESE,123
23/10,6pm,3-4ft,3.5ft,11s,13,15,mph,22°c,100%,SE,140,Cross/Onshore,ESE,106
24/10,6am,3-4ft,3.5ft,11s,8,10,mph,21°c,100%,SE,138,Offshore,ENE,62
24/10,12pm,3-4ft,3.5ft,10s,18,19,mph,24°c,100%,SE,141,Cross/Onshore,ESE,110
24/10,6pm,2-4ft,3.5ft,10s,18,24,mph,22°c,100%,SE,139,Cross-shore,E,94
25/10,6am,2-3ft,3ft,10s,3,3,mph,21°c,100%,SE,137,Offshore,NE,39
25/10,12pm,2-3ft,3ft,10s,9,9,mph,23°c,100%,SE,135,Onshore,SE,134
25/10,6pm,2-3ft,3ft,10s,9,12,mph,23°c,100%,SE,132,Cross/Onshore,ESE,111
26/10,6am,2-3ft,2.5ft,10s,5,6,mph,23°c,100%,SE,130,Offshore,NNE,13
26/10,12pm,2ft,2.5ft,9s,7,6,mph,24°c,100%,SE,129,Onshore,SSE,157
26/10,6pm,1-2ft,2ft,9s,18,24,mph,24°c,100%,SE,127,Cross/Onshore,ESE,105
27/10,6am,1-2ft,1.9ft,9s,6,7,mph,23°c,100%,ESE,123,Offshore,NE,45
27/10,12pm,1-2ft,3.5ft,9s,18,21,mph,26°c,100%,ESE,111,Cross/Onshore,ESE,105
27/10,6pm,1-2ft,4ft,6s,13,19,mph,25°c,100%,ESE,104,Cross/Offshore,E,87
28/10,6am,1-2ft,3.5ft,7s,7,8,mph,23°c,100%,ESE,104,Offshore,NNE,32
28/10,12pm,1ft,3ft,7s,11,12,mph,27°c,100%,E,99,Onshore,ESE,123
28/10,6pm,1ft,3.5ft,7s,15,18,mph,27°c,100%,E,100,Cross-shore,E,92
29/10,6am,1ft,3ft,7s,8,10,mph,25°c,100%,E,99,Offshore,NE,45
29/10,12pm,1ft,3ft,7s,9,11,mph,29°c,100%,E,97,Cross/Onshore,E,101
29/10,6pm,1ft,3ft,7s,9,14,mph,27°c,100%,E,95,Cross/Offshore,E,81
30/10,6am,1ft,2.5ft,7s,7,8,mph,24°c,100%,E,95,Offshore,N,353
30/10,12pm,1ft,2.5ft,7s,9,10,mph,27°c,100%,E,96,Onshore,SE,135
30/10,6pm,1ft,0.4ft,11s,7,8,mph,26°c,100%,SSE,154,Cross/Onshore,ESE,115
31/10,6am,1ft,0.5ft,10s,11,13,mph,24°c,100%,SSE,151,Offshore,NNE,18
31/10,12pm,1ft,0.5ft,10s,11,11,mph,25°c,100%,SSE,152,Onshore,S,178
31/10,6pm,1ft,0.6ft,9s,4,5,mph,25°c,100%,SE,136,Onshore,SW,220
01/11,6am,1ft,0.6ft,8s,8,11,mph,24°c,100%,SE,133,Onshore,WSW,244
01/11,12pm,0-1ft,0.6ft,8s,12,15,mph,24°c,100%,SE,132,Onshore,S,190
01/11,6pm,0-1ft,0.6ft,10s,7,11,mph,24°c,100%,SE,130,Onshore,SE,146
02/11,6am,2-4ft,2.5ft,12s,12,19,mph,23°c,100%,S,173,Cross/Offshore,ENE,71
02/11,12pm,3-5ft,6ft,9s,19,23,mph,25°c,100%,SSE,152,Cross/Onshore,ESE,107
02/11,6pm,4-6ft,7ft,9s,19,27,mph,24°c,100%,SE,138,Cross/Offshore,E,85
03/11,6am,4-6ft,6ft,11s,6,8,mph,22°c,100%,SE,133,Offshore,NNE,13
03/11,12pm,4-6ft,6ft,11s,9,11,mph,28°c,100%,SE,134,Onshore,SE,133
03/11,6pm,3-5ft,5ft,12s,8,9,mph,25°c,100%,SE,132,Cross/Onshore,ESE,106
04/11,6am,4-6ft,5.5ft,13s,12,20,mph,24°c,100%,SE,135,Cross/Onshore,WSW,251
04/11,12pm,4-6ft,5ft,13s,10,11,mph,24°c,100%,SE,135,Onshore,S,171
04/11,6pm,3-5ft,4.5ft,13s,9,12,mph,24°c,100%,SE,138,Cross/Offshore,E,89
05/11,6am,3-4ft,3.5ft,13s,7,8,mph,25°c,100%,SE,136,Offshore,NNW,336
05/11,12pm,3-4ft,2.5ft,12s,5,9,mph,31°c,100%,S,179,Cross/Offshore,E,79
05/11,6pm,3-4ft,3ft,11s,12,13,mph,25°c,100%,S,182,Offshore,NE,48
06/11,6am,2-4ft,3ft,10s,14,20,mph,23°c,100%,S,183,Onshore,WSW,245
06/11,12pm,2-3ft,2.5ft,10s,16,19,mph,23°c,100%,S,183,Onshore,SSW,198
06/11,6pm,3-4ft,3.5ft,9s,12,14,mph,22°c,100%,S,189,Onshore,SSW,210
07/11,6am,3-5ft,4.5ft,9s,4,5,mph,22°c,100%,S,185,Cross/Offshore,E,82
07/11,12pm,3-5ft,4ft,8s,11,12,mph,23°c,100%,S,180,Cross/Onshore,ESE,111
07/11,6pm,3-4ft,4ft,8s,17,23,mph,23°c,100%,SSE,162,Cross/Onshore,E,100
08/11,6am,2-3ft,3.5ft,8s,10,14,mph,22°c,100%,SSE,157,Offshore,NE,55
08/11,12pm,2-3ft,3ft,7s,8,9,mph,24°c,100%,SSE,160,Onshore,SE,131
08/11,6pm,2ft,1.9ft,7s,6,8,mph,23°c,100%,S,185,Onshore,SE,145
09/11,6am,2ft,2.5ft,6s,2,3,mph,23°c,100%,SE,141,Offshore,ENE,59
09/11,12pm,2-3ft,3ft,6s,11,12,mph,23°c,100%,SE,143,Onshore,SSE,149
09/11,6pm,2ft,3ft,6s,7,10,mph,23°c,100%,SE,138,Cross/Onshore,ESE,106
10/11,6am,1-2ft,2.5ft,6s,1,1,mph,23°c,100%,SE,134,Offshore,NW,310
10/11,12pm,1-2ft,1.1ft,11s,11,12,mph,24°c,100%,SSW,196,Onshore,S,183
10/11,6pm,2-3ft,1.9ft,13s,3,3,mph,24°c,100%,S,188,Onshore,SSW,207
11/11,6am,2-4ft,2.5ft,12s,2,3,mph,23°c,100%,S,189,Onshore,SSE,168
11/11,12pm,2-4ft,2.5ft,11s,18,23,mph,23°c,100%,S,190,Onshore,SSE,162
11/11,6pm,2-3ft,2.5ft,11s,14,18,mph,23°c,100%,SSW,191,Cross-shore,E,97
12/11,6am,3-4ft,5.5ft,7s,16,22,mph,22°c,100%,SE,138,Cross-shore,E,92
12/11,12pm,3-4ft,6ft,7s,20,23,mph,23°c,100%,SE,133,Cross/Onshore,ESE,109
12/11,6pm,3-4ft,6ft,8s,20,26,mph,22°c,100%,SE,130,Cross/Onshore,E,100
13/11,6am,3-4ft,6ft,8s,14,22,mph,21°c,100%,SE,126,Cross/Offshore,ENE,78
13/11,12pm,2-4ft,5.5ft,8s,18,22,mph,24°c,100%,ESE,120,Cross-shore,E,93
13/11,6pm,2-3ft,6ft,8s,20,32,mph,23°c,100%,ESE,112,Cross/Offshore,ENE,75
14/11,6am,2ft,5.5ft,8s,11,18,mph,22°c,100%,ESE,107,Offshore,NE,44
14/11,12pm,2-3ft,5ft,8s,9,10,mph,24°c,100%,ESE,109,Cross/Onshore,ESE,114
14/11,6pm,2-3ft,4.5ft,8s,11,15,mph,23°c,100%,ESE,108,Offshore,ENE,69
15/11,6am,1-2ft,4.5ft,8s,9,14,mph,23°c,100%,ESE,101,Offshore,NNE,29
15/11,12pm,1-2ft,0.9ft,13s,10,15,mph,23°c,100%,S,176,Cross/Onshore,W,260
15/11,6pm,1-2ft,1ft,12s,10,16,mph,22°c,100%,S,176,Cross/Onshore,W,266
16/11,6am,3-5ft,4ft,9s,11,16,mph,21°c,100%,SSW,204,Onshore,WSW,250
16/11,12pm,3-4ft,4ft,9s,16,20,mph,22°c,100%,SSW,200,Onshore,SW,232
16/11,6pm,3-4ft,3.5ft,8s,10,14,mph,22°c,100%,SSW,199,Onshore,SW,231
17/11,6am,3-4ft,3.5ft,9s,4,5,mph,21°c,100%,S,181,Offshore,NW,326
17/11,12pm,3-5ft,3.5ft,9s,10,10,mph,22°c,100%,S,175,Onshore,SSE,160
17/11,6pm,3-5ft,4ft,10s,8,11,mph,22°c,100%,S,175,Onshore,ESE,121
18/11,6am,3-5ft,4ft,10s,7,10,mph,22°c,100%,S,172,Cross/Offshore,ENE,76
18/11,12pm,3-5ft,4ft,10s,14,17,mph,23°c,100%,SSE,168,Cross/Onshore,ESE,104
18/11,6pm,3-4ft,3ft,9s,15,20,mph,22°c,100%,S,173,Cross-shore,E,97
19/11,6am,2-3ft,2.5ft,9s,7,10,mph,22°c,100%,S,171,Offshore,ENE,68
19/11,12pm,2-3ft,2.5ft,8s,18,23,mph,23°c,100%,S,172,Cross/Onshore,ESE,109
19/11,6pm,2ft,1.9ft,8s,16,26,mph,23°c,100%,S,170,Cross-shore,E,94
20/11,6am,1-2ft,1.4ft,8s,12,20,mph,22°c,100%,SSE,168,Cross-shore,E,91
20/11,12pm,1-2ft,4ft,5s,20,29,mph,23°c,100%,ESE,113,Cross/Onshore,ESE,103
20/11,6pm,1-2ft,4ft,6s,17,26,mph,22°c,100%,ESE,110,Cross-shore,E,92
21/11,6am,1-2ft,3ft,6s,7,12,mph,22°c,100%,ESE,110,Cross/Offshore,ENE,71
21/11,12pm,1-2ft,3ft,6s,17,22,mph,24°c,100%,ESE,108,Cross/Onshore,ESE,103
21/11,6pm,1-2ft,4.5ft,6s,18,26,mph,23°c,100%,ESE,104,Cross/Offshore,E,87
22/11,6am,1ft,3ft,6s,7,10,mph,21°c,100%,ESE,103,Offshore,NNE,32
22/11,12pm,1ft,2.5ft,6s,13,14,mph,26°c,100%,ESE,106,Onshore,SE,131
22/11,6pm,1ft,3ft,6s,11,13,mph,25°c,100%,ESE,101,Cross/Offshore,E,79
23/11,6am,1ft,1.3ft,9s,7,8,mph,23°c,100%,ESE,119,Offshore,N,349
23/11,12pm,2-4ft,1.9ft,16s,21,30,mph,25°c,100%,S,178,Onshore,SW,234
23/11,6pm,2-3ft,2ft,14s,16,24,mph,23°c,100%,S,183,Cross/Onshore,WSW,255
24/11,6am,4-6ft,4ft,16s,16,21,mph,21°c,100%,S,177,Onshore,SSW,194
24/11,12pm,4-6ft,4ft,16s,12,13,mph,21°c,100%,S,177,Onshore,S,184
24/11,6pm,4-7ft,4.5ft,15s,10,11,mph,21°c,100%,S,177,Onshore,SSW,193
25/11,6am,5-8ft,7ft,11s,4,2,mph,20°c,100%,S,175,Offshore,N,5
25/11,12pm,5-8ft,6.5ft,12s,10,10,mph,21°c,100%,S,174,Onshore,SSE,154
25/11,6pm,5-7ft,6.5ft,12s,9,11,mph,21°c,100%,S,172,Cross/Onshore,ESE,119
26/11,6am,4-7ft,6ft,11s,10,14,mph,21°c,100%,S,170,Offshore,ENE,65
26/11,12pm,4-7ft,5.5ft,11s,18,20,mph,23°c,100%,S,171,Cross/Onshore,ESE,108
26/11,6pm,4-7ft,6ft,11s,18,26,mph,22°c,100%,SSE,157,Cross/Offshore,E,83
27/11,6am,3-5ft,4ft,10s,7,8,mph,20°c,100%,S,169,Offshore,NE,38
27/11,12pm,3-4ft,3.5ft,10s,9,11,mph,26°c,100%,SSE,168,Cross/Onshore,ESE,104
27/11,6pm,3-4ft,3ft,10s,13,15,mph,26°c,100%,SSE,168,Cross-shore,E,94
28/11,6am,2-3ft,2.5ft,10s,5,5,mph,22°c,100%,SSE,166,Offshore,NNE,12
28/11,12pm,2-3ft,2ft,10s,9,12,mph,22°c,100%,SSE,165,Onshore,SW,214
28/11,6pm,2-3ft,1.9ft,10s,10,14,mph,22°c,100%,SSE,165,Onshore,WSW,247
29/11,6am,2-4ft,3.5ft,7s,9,12,mph,22°c,100%,S,189,Onshore,SW,216
29/11,12pm,3-4ft,4ft,7s,8,10,mph,22°c,100%,S,183,Onshore,SSW,207
29/11,6pm,3-4ft,4ft,8s,9,11,mph,22°c,100%,S,177,Onshore,ESE,121
30/11,6am,3-4ft,3.5ft,8s,6,7,mph,21°c,100%,SSE,169,Cross/Offshore,ENE,71
30/11,12pm,2-4ft,3.5ft,8s,12,12,mph,24°c,100%,SSE,163,Cross/Onshore,ESE,120
30/11,6pm,2-3ft,3ft,8s,15,20,mph,23°c,100%,SSE,163,Cross/Onshore,ESE,112
01/12,6am,2-3ft,2.5ft,9s,4,4,mph,23°c,100%,S,187,Offshore,NE,49
01/12,12pm,2-3ft,1.9ft,9s,13,14,mph,24°c,100%,SSW,192,Onshore,S,187
01/12,6pm,1-2ft,1.4ft,9s,12,16,mph,23°c,100%,SSW,195,Onshore,WSW,246
02/12,6am,1-2ft,1.7ft,4s,13,20,mph,23°c,100%,S,189,Onshore,SW,216
02/12,12pm,2ft,2.5ft,5s,15,18,mph,23°c,100%,S,174,Onshore,S,184
02/12,6pm,2-3ft,3.5ft,6s,12,14,mph,22°c,100%,S,173,Onshore,SSW,193
03/12,6am,7-10ft,8ft,15s,5,6,mph,22°c,100%,S,183,Onshore,SSE,156
03/12,12pm,7-10ft,8ft,14s,8,8,mph,23°c,100%,S,184,Onshore,ESE,122
03/12,6pm,6-10ft,7.5ft,14s,13,14,mph,22°c,100%,S,183,Cross-shore,E,95
04/12,6am,5-8ft,6ft,13s,11,15,mph,21°c,100%,S,182,Offshore,ENE,61
04/12,12pm,5-7ft,5.5ft,13s,14,17,mph,25°c,100%,S,177,Cross/Onshore,ESE,105
04/12,6pm,4-6ft,4.5ft,12s,15,20,mph,25°c,100%,S,185,Cross/Offshore,E,82
05/12,6am,3-4ft,3ft,11s,5,7,mph,23°c,100%,S,184,Offshore,NNE,17
05/12,12pm,2-4ft,2.5ft,11s,4,8,mph,28°c,100%,S,184,Cross/Onshore,ESE,116
05/12,6pm,2-3ft,2.5ft,10s,8,11,mph,29°c,100%,S,184,Offshore,ENE,61
06/12,6am,2-3ft,1.9ft,10s,8,12,mph,23°c,100%,S,182,Onshore,SW,222
06/12,12pm,2-3ft,1.8ft,10s,19,24,mph,22°c,100%,S,180,Onshore,SSW,206
06/12,6pm,2ft,1.6ft,10s,9,11,mph,21°c,100%,S,178,Onshore,WSW,248
07/12,6am,2-3ft,2.5ft,6s,4,5,mph,21°c,100%,S,183,Offshore,N,356
07/12,12pm,2-3ft,2.5ft,7s,10,10,mph,22°c,100%,S,186,Onshore,SSE,163
07/12,6pm,2-4ft,3ft,9s,9,13,mph,23°c,100%,S,185,Onshore,ESE,123
08/12,6am,2-3ft,2.5ft,8s,9,12,mph,20°c,100%,S,190,Offshore,ENE,61
08/12,12pm,2-3ft,2ft,8s,15,16,mph,24°c,100%,SSW,194,Cross/Onshore,ESE,118
08/12,6pm,3-5ft,4ft,11s,18,24,mph,23°c,100%,S,188,Cross-shore,E,95
09/12,6am,4-6ft,4.5ft,11s,7,8,mph,20°c,100%,S,187,Offshore,NE,45
09/12,12pm,4-6ft,4.5ft,12s,12,15,mph,25°c,100%,S,186,Cross/Onshore,ESE,103
09/12,6pm,4-6ft,4.5ft,12s,17,22,mph,24°c,100%,S,186,Cross/Offshore,E,89
10/12,6am,3-5ft,4ft,12s,4,5,mph,23°c,100%,S,185,Cross-shore,E,94
10/12,12pm,3-5ft,3.5ft,12s,10,11,mph,25°c,100%,S,185,Onshore,SSE,149
10/12,6pm,3-5ft,3.5ft,12s,5,6,mph,23°c,100%,S,185,Cross-shore,E,98
11/12,6am,3-5ft,3.5ft,12s,4,5,mph,23°c,100%,S,185,Offshore,NE,56
11/12,12pm,3-5ft,3.5ft,12s,2,3,mph,25°c,100%,S,186,Cross/Offshore,E,84
11/12,6pm,3-5ft,3.5ft,11s,6,7,mph,24°c,100%,S,186,Onshore,SSW,199
12/12,6am,3-4ft,3ft,11s,6,9,mph,23°c,100%,S,187,Offshore,NNE,33
12/12,12pm,2-4ft,2.5ft,11s,6,6,mph,24°c,100%,S,187,Cross/Onshore,ESE,113
12/12,6pm,3-4ft,3ft,12s,6,7,mph,24°c,100%,S,184,Cross/Offshore,E,83
13/12,6am,2-3ft,2.5ft,11s,8,9,mph,24°c,100%,S,184,Offshore,N,5
13/12,12pm,2-3ft,2ft,10s,14,14,mph,27°c,100%,S,185,Onshore,S,182
13/12,6pm,2-3ft,1.9ft,10s,6,8,mph,25°c,100%,S,185,Onshore,SSW,213
14/12,6am,1-2ft,1.4ft,10s,2,3,mph,24°c,100%,S,185,Onshore,ESE,123
14/12,12pm,2-4ft,2.5ft,12s,10,12,mph,25°c,100%,S,181,Onshore,SSE,162
14/12,6pm,2-3ft,2.5ft,8s,8,10,mph,24°c,100%,SSW,192,Onshore,SE,137
15/12,6am,4-7ft,5ft,13s,5,5,mph,23°c,100%,S,186,Offshore,NE,41
15/12,12pm,4-6ft,4ft,12s,9,12,mph,28°c,100%,S,189,Cross/Onshore,ESE,110
15/12,6pm,3-5ft,3.5ft,12s,15,21,mph,27°c,100%,S,189,Cross/Offshore,ENE,74
16/12,6am,3-5ft,3ft,12s,7,8,mph,23°c,100%,S,184,Offshore,NNE,25
16/12,12pm,3-5ft,3ft,14s,6,8,mph,30°c,100%,S,183,Cross/Offshore,E,79
16/12,6pm,3-4ft,2.5ft,13s,12,16,mph,28°c,100%,S,181,Offshore,NE,56
17/12,6am,2-4ft,2ft,14s,7,8,mph,25°c,100%,S,179,Offshore,N,350
17/12,12pm,2-3ft,2ft,13s,11,13,mph,28°c,100%,S,179,Onshore,SSE,155
17/12,6pm,2-3ft,1.8ft,12s,10,13,mph,27°c,100%,S,179,Cross/Offshore,E,88
18/12,6am,2-3ft,2ft,12s,9,13,mph,23°c,100%,S,181,Onshore,WSW,240
18/12,12pm,2-4ft,2.5ft,11s,15,19,mph,24°c,100%,S,183,Onshore,SW,217
18/12,6pm,3-5ft,4ft,11s,10,13,mph,24°c,100%,S,189,Onshore,WSW,245
19/12,6am,4-6ft,5.5ft,9s,7,9,mph,23°c,100%,S,176,Onshore,SSW,200
19/12,12pm,3-5ft,4.5ft,9s,10,11,mph,24°c,100%,S,171,Onshore,S,180
19/12,6pm,3-5ft,4ft,9s,5,7,mph,23°c,100%,SSE,164,Onshore,SW,220
20/12,6am,2-3ft,2.5ft,8s,4,5,mph,23°c,100%,SSE,159,Offshore,NE,48
20/12,12pm,2-3ft,2.5ft,9s,12,14,mph,25°c,100%,S,176,Cross/Onshore,ESE,119
20/12,6pm,2-3ft,2ft,9s,9,12,mph,25°c,100%,S,178,Cross/Onshore,ESE,108
21/12,6am,2-3ft,1.6ft,11s,6,7,mph,24°c,100%,S,173,Offshore,NNW,344
21/12,12pm,1-2ft,1.4ft,9s,10,12,mph,28°c,100%,S,189,Offshore,ENE,68
21/12,6pm,1-2ft,1.2ft,10s,11,14,mph,28°c,100%,S,190,Offshore,NE,38
22/12,6am,1ft,0.7ft,9s,6,7,mph,26°c,100%,SSW,192,Offshore,N,3
22/12,12pm,1ft,0.5ft,10s,10,11,mph,26°c,100%,SSE,158,Onshore,S,178
22/12,6pm,1ft,0.5ft,10s,4,5,mph,26°c,100%,SSE,156,Cross/Onshore,E,100
23/12,6am,0-1ft,0.4ft,10s,5,6,mph,24°c,100%,SSE,164,Offshore,NNE,18
23/12,12pm,1-2ft,0.8ft,14s,4,4,mph,25°c,100%,SSW,193,Onshore,SE,125
23/12,6pm,2-3ft,2ft,13s,8,12,mph,24°c,100%,SSW,196,Onshore,SW,222
24/12,6am,3-5ft,3.5ft,11s,1,1,mph,23°c,100%,SSW,195,Onshore,S,176
24/12,12pm,3-5ft,3.5ft,11s,6,6,mph,24°c,100%,SSW,198,Onshore,SE,142
24/12,6pm,3-5ft,3.5ft,11s,8,11,mph,24°c,100%,SSW,197,Cross/Onshore,ESE,108
25/12,6am,3-4ft,3ft,10s,4,4,mph,22°c,100%,SSW,196,Offshore,NE,43
25/12,12pm,2-4ft,3ft,10s,12,12,mph,25°c,100%,SSW,197,Onshore,SE,139
25/12,6pm,2-3ft,2.5ft,10s,13,19,mph,24°c,100%,SSW,197,Cross/Onshore,ESE,107
26/12,6am,2-3ft,2ft,9s,4,4,mph,23°c,100%,SSW,195,Offshore,NE,34
26/12,12pm,1-2ft,1.7ft,9s,11,11,mph,25°c,100%,SSW,194,Onshore,SE,132
26/12,6pm,1-2ft,1.4ft,8s,11,17,mph,25°c,100%,SSW,193,Cross/Onshore,ESE,104
27/12,6am,0-1ft,1.5ft,5s,3,4,mph,24°c,100%,ESE,106,Offshore,NE,47
27/12,12pm,1ft,0.9ft,7s,10,10,mph,26°c,100%,S,184,Onshore,SE,134
27/12,6pm,1ft,3ft,8s,17,24,mph,25°c,100%,E,101,Cross-shore,E,99
28/12,6am,1ft,3ft,8s,4,5,mph,23°c,100%,E,101,Offshore,NE,44
28/12,12pm,1ft,2.5ft,8s,11,11,mph,26°c,100%,ESE,103,Onshore,ESE,122
28/12,6pm,1-2ft,3.5ft,8s,18,24,mph,25°c,100%,ESE,102,Cross-shore,E,94
29/12,6am,1ft,1.9ft,8s,5,6,mph,23°c,100%,E,99,Offshore,NNE,28
29/12,12pm,1ft,2.5ft,8s,14,15,mph,26°c,100%,ESE,106,Onshore,SE,124
29/12,6pm,1-2ft,3.5ft,8s,18,24,mph,25°c,100%,ESE,106,Cross-shore,E,97
30/12,6am,1-2ft,3ft,9s,5,6,mph,22°c,100%,ESE,106,Offshore,NNE,26
30/12,12pm,1-2ft,3ft,8s,14,15,mph,25°c,100%,ESE,108,Onshore,SE,125
30/12,6pm,1-2ft,3ft,9s,15,21,mph,25°c,100%,ESE,108,Cross/Onshore,ESE,102
31/12,6am,1-2ft,3ft,9s,5,5,mph,23°c,100%,ESE,103,Offshore,NNE,32
31/12,12pm,1ft,2.5ft,8s,12,13,mph,26°c,100%,ESE,104,Onshore,SE,129
31/12,6pm,1ft,2ft,8s,13,18,mph,26°c,100%,E,101,Cross-shore,E,90
